ID,Condition,Accuracy,ReactionTime,Gender,Age,Handedness,OcularDominance,GazeDeviation,MSRate,Blinks,Fixations,Saccades,GazeDeviationFullBL,GazeDeviationEarlyBL,GazeDeviationLateBL,MSRateFullBL,MSRateEarlyBL,MSRateLateBL,IAF,ERSD_early,ERSD_late,ERSD_full
301,1,100,0.698767769570444,W,20.4845995893224,R,L,24.0605,1.12973862277162,4.06,4.92,1.05333333333333,8.98395448327065,0.708461453119914,14.8673051102956,0.319328845365909,-45.788851326351,10.7350821215395,10.7421875,-0.383164581982921,-0.311802159162798,-0.345044767405374
301,2,99.3150684931507,0.781675452987353,W,20.4845995893224,R,L,11.19347,0.902771762045081,3.82666666666667,5.00666666666667,1.32666666666667,39.8146362398216,23.1661463468633,52.4445214892956,-25.4254878012284,-66.2602213799275,19.4384546443706,10.7421875,-1.01974636962239,-0.317271725123135,-0.647243530328418
301,3,88.1944444444444,1.23950917853249,W,20.4845995893224,R,L,16.7541,0.993208339247913,3.38666666666667,4.78,1.65333333333333,27.0492865798565,8.09364611401663,36.0481072771107,-24.7164366973797,-57.7064018765524,-13.9573375758591,10.7421875,-1.1890606027348,-0.788996365126363,-0.973432513638769
302,1,97.972972972973,0.889126412411954,M,22.0177960301164,R,R,14.98751,1.04499811468538,2.12,3.14,1.06666666666667,14.5521553750291,4.98959797379946,23.6869807098851,-15.6350518691006,-5.09048171471741,-22.2669929958612,10.7421875,-2.00973183693722,-1.12678772445959,-1.54539475695757
302,2,97.2602739726027,0.900792902166193,M,22.0177960301164,R,R,18.20702,1.23140779880519,1.56888888888889,3.03111111111111,1.55111111111111,12.3283069145679,6.57852118510753,17.9324105551839,1.50751347811668,-22.3961862503529,22.742505723519,10.7421875,-2.3561637857564,-1.46265558467925,-1.90042038278437
302,3,88.8888888888889,0.981906774308946,M,22.0177960301164,R,R,17.45806,1.33410858814798,2.21,3.83,1.77,33.0239732776818,18.435066174206,48.9889064509618,8.31923583945514,1.41371032890731,14.720961172905,10.7421875,-1.89825118998798,-1.2086439930777,-1.54224349109665
303,1,100,0.710999493245725,M,27.1375770020534,R,R,12.82793,0.347482025424404,3.256,3.77066666666667,0.698666666666667,35.112589781074,32.0415176193613,37.1835980839589,-55.1588775887667,-64.9674008376042,-47.442977476304,10.25390625,-2.09536309208824,-1.86565465928249,-1.9706488874088
303,2,100,0.829157556806292,M,27.1375770020534,R,R,20.76402,0.204185120647475,2.51333333333333,3.36,0.976666666666667,28.4195078881993,22.6230509739326,34.6424844768541,-75.6036886850593,-89.6817378125789,-32.6401911212011,10.7421875,-1.83916458284037,-1.84250469766054,-1.84913316475599
303,3,97.2222222222222,0.903366280638653,M,27.1375770020534,R,R,10.2996,0.263191343291091,2.59,3.50666666666667,1.07333333333333,38.2863562082911,27.1809390512236,50.2271433764316,-66.1222491977582,-70.4599247131287,-62.0915022824295,10.7421875,-2.11871221298194,-1.35061936599468,-1.72752619931235
304,1,100,0.65675044976748,W,21.3990417522245,R,R,14.34773,1.33132743005567,3.02133333333333,3.592,0.741333333333333,42.5888693640107,20.458388494661,61.1961867457942,51.4241009128936,17.2743753877244,97.2334260673112,NaN,-0.317030084670097,-0.901584612165299,-0.606312614457424
304,2,99.3150684931507,0.962194228172302,W,21.3990417522245,R,R,11.78948,1.59534314576259,1.50666666666667,2.65866666666667,1.248,7.92497810784807,-0.785764028575826,19.4647697572426,39.813353102288,39.1862306357025,29.6874379927051,NaN,-0.603799251626194,-0.668417171662913,-0.62588088372265
304,3,99.3055555555556,0.977494711677233,W,21.3990417522245,R,R,14.90023,1.71839172851197,1.60533333333333,2.97066666666667,1.49866666666667,40.7821470192075,19.2939232558012,63.2895253799111,17.6978524163729,17.0315243828141,11.4179222086918,NaN,-0.0722294384304689,-0.855684698409944,-0.448727250793432
305,1,97.972972972973,0.604214124679565,M,30.8884325804244,R,L,14.68374,1.51273107452106,2.47777777777778,3.30666666666667,0.988888888888889,10.4395632449161,0.426333213455222,20.4155956996458,16.2449675867012,27.4235420324895,12.1377097579814,10.25390625,-1.25144797035394,-0.334669772881649,-0.800199094010064
305,2,94.5205479452055,1.15103630903291,M,30.8884325804244,R,L,17.17541,1.64971948235624,2.04444444444444,3.24666666666667,1.34444444444444,32.6272907561705,16.2840329440711,47.9500966615315,14.4600185605725,5.07863106848266,39.0432809782623,10.7421875,-0.742986477693553,-1.07345424396218,-0.910865812936874
305,3,81.25,1.09086453063147,M,30.8884325804244,R,L,19.37918,1.88260933466785,1.74888888888889,3.32,1.7,37.9347204956156,18.6696378184903,53.4873431486928,28.1832323710926,23.1803857716404,60.9156347897672,11.23046875,-1.10756198347756,-1.06357553106386,-1.08971001316247
306,1,98.6486486486486,0.942506884535154,W,22.466803559206,R,R,11.33649,1.10136789458622,2.56666666666667,3.08666666666667,0.644444444444444,37.4095190084643,35.5645101547241,39.3342624485493,-22.2963187642831,-38.1137409822003,-21.5030393300361,9.765625,-0.711171953326602,-0.705985150273498,-0.708721608746413
306,2,97.9452054794521,1.11282724960178,W,22.466803559206,R,R,13.66703,0.775317144683933,2.01777777777778,2.84222222222222,0.951111111111111,32.7685584086796,30.4347472451199,38.7037284528387,-38.8806146674996,-64.2775930889476,-11.5213892333439,9.765625,-1.02505690536604,-0.366690702726989,-0.696159948876915
306,3,84.7222222222222,1.15567084948222,W,22.466803559206,R,R,13.95909,0.782097001076179,1.91555555555556,2.90222222222222,1.09333333333333,13.2307257375052,8.16164145913235,18.3782012434893,-45.2809669253824,-53.9828836338256,-31.3312447898218,9.27734375,-0.533876983774551,-0.0888010087587264,-0.303162515631308
307,1,95.2702702702703,0.762322718446905,W,20.0246406570842,R,R,14.43845,1.76113788037614,1.90888888888889,2.61111111111111,0.775555555555556,14.6182268009736,7.35888468302213,22.0010268046306,8.44571764026891,-20.726515567366,30.7299948111796,10.25390625,-1.35343672902257,-0.267686052742018,-0.807220348043804
307,2,96.5753424657534,0.665188755307879,W,20.0246406570842,R,R,10.39119,1.88939124736023,1.20444444444444,2.51555555555556,1.33777777777778,24.5022241680246,13.6112379448194,35.3029818955221,-9.49294220640598,-25.8822682108834,4.14214971625157,11.23046875,-1.7836544525609,-0.832232830117066,-1.31687813894632
307,3,79.1666666666667,1.31557694348422,W,20.0246406570842,R,R,18.85774,1.94503306950046,1.57333333333333,3.08888888888889,1.57333333333333,73.8127583777904,4.72956353381276,152.445537247441,-4.98843262373116,-19.846599615744,1.90551729294349,10.7421875,-2.09306500011715,-0.159538158982669,-1.12791467946761
308,1,99.3243243243243,0.599182536968818,M,22.113620807666,R,R,12.27555,0.469656744199115,2.51555555555556,3.04222222222222,0.633333333333333,88.8834790270379,50.6018678216224,120.31327629343,-50.4452905657195,-75.0069128114654,-33.699592710932,10.7421875,0.0369151537170488,0.580248726861798,0.293587570750884
308,2,100,0.752011547485987,M,22.113620807666,R,R,8.618832,0.523516888822056,1.59555555555556,2.36,0.862222222222222,84.9839436189093,68.6304368298463,96.5212522426037,-45.5237117853869,-45.5151543735763,-34.9676760265038,9.765625,-0.101056063943017,0.634796257779677,0.284910539940802
308,3,94.4444444444444,0.806752321196765,M,22.113620807666,R,R,12.4444,0.453866049723572,1.78222222222222,2.99111111111111,1.30666666666667,74.0472320142447,45.9319986664888,94.2536165593851,-53.26777053582,-55.3304490614627,-51.5594986497593,NaN,0.500530794482659,0.449393841255241,0.470062820036794
309,1,99.3243243243243,0.6934112402109,W,23.9780971937029,R,R,13.7541,1.20200223204787,1.91111111111111,2.40222222222222,0.602222222222222,5.27388465590775,1.27309478508929,9.30243102150659,-29.1574455424728,-29.5046862796147,-27.5497355318388,NaN,0.172665714661013,0.0971427498155104,0.133124276158071
309,2,99.3150684931507,0.784245787834635,W,23.9780971937029,R,R,19.59427,1.13284656099278,1.02666666666667,1.81777777777778,0.826666666666667,0.418246546889296,-0.318301459608397,1.11452864700615,-32.9915169008591,-40.268665327153,-26.1859214803701,8.7890625,-0.0837148780021751,-0.0807732521339473,-0.0886109097394811
309,3,94.4444444444444,0.978131158785386,W,23.9780971937029,R,R,11.21953,1.09221297306036,1.06444444444444,1.84888888888889,0.817777777777778,27.6671445106759,18.6866470353276,36.5813247713388,-40.6331294615877,-30.9013605442177,-55.0127551020408,9.27734375,0.584538799012114,0.253912386155044,0.40964642864935
310,1,93.2432432432432,0.750556122172963,W,24.8213552361396,R,R,22.96391,1.86936278005348,1.37555555555556,2.62888888888889,1.28888888888889,11.0348656329772,5.79345277715069,15.6950600270344,-11.9349666970041,-6.16435710779531,-20.0256537767595,12.6953125,0.0799922171588338,0.0884475979416829,0.0804839850227748
310,2,82.8767123287671,0.787048444747925,W,24.8213552361396,R,R,18.6241,1.71250846092115,1.00666666666667,2.43111111111111,1.47111111111111,9.08374317927977,4.22117230798421,12.7835099510221,-11.0187492651747,7.89240364432812,-39.5063606388859,NaN,0.635677047656807,-0.279832770994541,0.181121937703478
310,3,69.4444444444444,0.485524535179138,W,24.8213552361396,R,R,22.89372,1.88101008040609,0.986666666666667,2.44444444444444,1.47111111111111,9.8762028873977,4.15911540540598,16.9435481661457,6.55866785547262,10.234753570034,-0.31318958265967,12.6953125,-0.13192132300844,-0.13312352477283,-0.1327653741428
311,1,87.1621621621622,0.777735015324184,M,29.4647501711157,R,R,7.407241,0.897940408289435,1.60444444444444,2.86444444444444,1.31777777777778,43.8523132675572,18.1010576398749,69.2551978324589,-27.1869410861767,-52.9837439833846,-1.85209035854225,10.7421875,0.380351633160263,0.685980741079021,0.514951786479986
311,2,97.9452054794521,0.742304605596206,M,29.4647501711157,R,R,9.03805,0.517757586370007,1.37555555555556,2.66666666666667,1.37111111111111,27.4024604835008,10.0858065247536,44.258680975594,-54.0173093696361,-82.0613412760149,-29.5493456162874,NaN,0.147099025053957,0.125642782309119,0.126931298641772
311,3,80.5555555555556,1.13835512358567,M,29.4647501711157,R,R,10.91877,0.661656095779118,1.35333333333333,2.49111111111111,1.17777777777778,47.5780579119313,12.1650515382691,73.8507102162254,-47.5272926520185,-44.2025156884947,-47.7689332239293,NaN,0.0426367903510529,0.220696539279289,0.128272237070477
312,1,94.5945945945946,0.535928667916192,W,22.6064339493498,R,R,12.66605,1.33908644546942,1.22222222222222,1.94444444444444,0.78,39.8595583248646,22.0649878634734,57.7914075094097,0.703738664349746,-1.39906609195402,8.29991980753809,9.765625,-0.352404421635256,-0.0813593444962998,-0.212407911421661
312,2,77.3972602739726,0.460155459011302,W,22.6064339493498,R,R,18.84349,1.42165526780911,1.22666666666667,2.12222222222222,0.966666666666667,3.32760397287515,1.23199034561045,5.22329284451329,17.666687794522,7.28728741859108,25.2725862117915,9.27734375,-0.405922501160105,-1.33459765365598,-0.854237922496881
312,3,74.3055555555556,0.440761685371399,W,22.6064339493498,R,R,11.63406,1.37228989266593,1.08666666666667,2.01555555555556,0.953333333333333,62.0298755339214,35.836570453583,87.8496750818223,-2.37342795827445,-14.2903572589315,9.17224307087375,9.27734375,-0.501925363212233,-0.836772279949712,-0.653809963594247
313,1,99.3243243243243,0.539857635498047,W,21.7138945927447,L,R,13.82793,1.45804523807368,1.46666666666667,2.37555555555556,1,72.1688855784014,35.9070744973918,101.330168038607,15.451982611789,12.8255159591413,19.7546882255696,10.25390625,-3.7923385823832,-2.1544910829373,-2.96441753336125
313,2,98.6301369863014,0.610162278439136,W,21.7138945927447,L,R,14.98923,1.15828961163715,1.34,2.30888888888889,1.05333333333333,65.1307986591122,34.268054281721,92.8305771581017,-30.6159518397212,-47.2188558180079,-19.4180534993381,10.25390625,-3.50878250859189,-2.19980968003148,-2.85634015250124
313,3,91.6666666666667,0.639719355674017,W,21.7138945927447,L,R,19.31172,0.892021397399747,1.44444444444444,2.59555555555556,1.18666666666667,52.1856621953906,13.5457914508119,85.9108862998534,-37.6696796949556,-56.1844201998725,-25.1328474333694,10.25390625,-2.88380312146841,-0.639316718858318,-1.76285570721677
314,1,97.2972972972973,0.788199599583944,W,22.2915811088296,R,L,28.9034,1.74827992825092,2.30888888888889,3.17555555555556,0.986666666666667,106.455405294177,56.3048979966755,145.661661223667,49.6854015009165,40.8194841937313,39.2316543478031,9.765625,-1.19559658889547,-0.435621712646804,-0.852109676409004
314,2,86.3013698630137,1.12389955849483,W,22.2915811088296,R,L,43.49029,1.84042861079834,2.07555555555556,3.85111111111111,1.90666666666667,137.638343448508,92.7602243514791,175.692961171065,28.5828204324484,20.9428603619792,33.0033388053,9.765625,-2.1417735950604,-1.42657177134125,-1.79437967166745
314,3,87.5,1.20442882337068,W,22.2915811088296,R,L,65.83109,2.00124872989021,2.03111111111111,4.00888888888889,2.16888888888889,116.203422178196,68.8856078218191,146.962341204474,26.6215179395056,11.6529167574952,51.9803412615193,10.25390625,-2.20648793588052,-2.19418774290955,-2.21114601873892
315,1,98.6486486486486,0.609198111754197,M,26.6995208761123,R,R,10.2253,1.3271250588728,2.06,2.71777777777778,0.8,13.2605844991548,7.48649679479145,16.7365337979226,-24.9373379503139,-44.8472774541726,-2.12095547977265,10.7421875,-2.73601052390612,-1.19546634420441,-1.9635652725128
315,2,99.3150684931507,0.620450361915257,M,26.6995208761123,R,R,16.36729,1.09669977950716,2.02888888888889,3.07111111111111,1.18,25.1419347735203,18.5077980497609,31.9452237175859,-17.0866581793386,-52.7837961611719,11.3890769147224,10.7421875,-3.20144836123124,-1.677733229081,-2.39963501255555
315,3,96.5277777777778,0.747312263000843,M,26.6995208761123,R,R,19.78553,0.879684280686317,2.13111111111111,3.16444444444444,1.15555555555556,10.2928210573812,0.903871659309633,19.3380507932555,-40.642091073365,-73.1550262091738,-14.7791095183615,10.7421875,-3.21723749380895,-1.33196211619562,-2.24968706733902
316,1,99.3243243243243,0.604572202645096,W,23.2416153319644,R,R,10.62125,0.795242527916865,2.49333333333333,3.06,0.771111111111111,65.4975482663889,39.8458007538113,86.3193562900883,-13.3297697224111,-21.122302643602,8.23826762247368,11.23046875,-2.07449557094217,-2.39348795725478,-2.22099403647781
316,2,95.2054794520548,0.827074173020154,W,23.2416153319644,R,R,18.68667,0.538203568913958,2.01555555555556,2.84444444444444,1.03777777777778,47.6006782644673,23.7797786348744,80.4789851720029,-63.093247108685,-74.8222301011972,-30.3864985831754,11.23046875,0.189220085132305,-0.793372913602757,-0.292450840957085
316,3,88.8888888888889,0.854441610542504,W,23.2416153319644,R,R,28.89059,0.629721532211642,2.46444444444444,3.07333333333333,0.797777777777778,11.2440315732004,-5.30543425355269,28.0209049773605,-36.7029940593847,-79.4464663140338,-9.79606122433448,11.71875,0.434916486211301,0.744293337109666,0.590996570359253
317,1,100,0.654925277599922,W,23.2251882272416,R,R,13.87776,1.39119247254848,2.28,2.75333333333333,0.664444444444444,51.0236085828982,24.9919342605691,83.4070778859289,14.9680157050665,-41.311523166867,47.8359251826576,11.71875,-0.0589563017781079,0.0970022916796741,0.0241450577676851
317,2,99.3150684931507,0.890542356335387,W,23.2251882272416,R,R,18.77643,1.02899113442919,1.53333333333333,2.4,1.02222222222222,47.807412104339,15.3757729572909,95.8146025048075,-15.3959071479692,-36.5090453152656,4.30170256477518,11.23046875,-0.0624767020565155,0.100828154545114,0.0232470636175323
317,3,92.3611111111111,0.957391943250384,W,23.2251882272416,R,R,20.67156,1.73996691188514,2.14444444444444,2.86,0.88,70.5421566724757,35.1367470378517,122.036502788785,29.9770899946345,-26.1567998484092,71.4841495998399,11.23046875,-0.366635531948502,0.724798013492817,0.177044408185743
318,1,100,0.688751234198516,W,23.4743326488706,L,R,30.92064,1.84858247749954,1.50222222222222,2.62666666666667,1.20888888888889,-1.13718979139077,-1.14323981158566,-3.08679249307566,60.0321010633378,66.995612004607,45.5769892805484,9.765625,-1.28338847088968,-1.64520201855242,-1.46141588172498
318,2,98.6301369863014,0.693480590979258,W,23.4743326488706,L,R,21.16038,1.54539830204427,1.94666666666667,3.51111111111111,1.69777777777778,16.3093363071225,12.422092468545,16.7728110079932,33.1651499429557,53.7949732481406,7.94090407624302,9.27734375,-1.16757705637357,-1.7026302895303,-1.42096532457675
318,3,94.4444444444444,1.10438680648804,W,23.4743326488706,L,R,19.36716,2.2098458161438,1.58,3.51333333333333,2.07333333333333,110.371443977913,33.7422145090605,185.066879744592,43.632123053581,22.2423062691115,55.4013779639495,9.765625,-0.431963394521795,-0.437993616076144,-0.423074252601525
321,1,100,0.578917719283194,W,22.7871321013005,R,R,15.92682,1.6161952390481,1.63333333333333,3.24666666666667,1.68222222222222,33.6292202796625,18.1587004439662,49.2815588456781,41.0504741375849,-7.38289333840365,66.3711422277384,12.20703125,0.733645341919457,0.994478404010798,0.83081574054911
321,2,97.2602739726027,0.615259930491447,W,22.7871321013005,R,R,18.5458,1.01481978907463,2.25555555555556,3.85555555555556,1.76222222222222,12.0475798399761,2.95099399457074,19.7354743601096,-21.6494965408432,-37.4710201950706,-13.3413132522524,11.71875,0.064124899790964,0.769693822289458,0.391373573328115
321,3,98.6111111111111,0.672673673629761,W,22.7871321013005,R,R,18.31819,1.11465054645915,2.18888888888889,4.00444444444444,1.99555555555556,45.1091243549421,17.4512377591157,67.1928330769344,-14.111659394202,-59.8279384345377,28.500833614377,12.20703125,0.150633924024981,1.21823968576873,0.659381519599305
323,1,100,0.822438794832963,M,30.5681040383299,L,L,21.62268,1.16269169248568,2.41333333333333,4.3,1.97777777777778,113.297184403553,17.2872612504072,144.462634371464,44.0193567741679,-43.4575812228038,65.3542595253265,9.765625,-1.33271146789689,0.0067904532108464,-0.687673709489461
323,2,99.3150684931507,0.728987398147583,M,30.5681040383299,L,L,26.74191,0.847234183043528,2.58888888888889,4.51333333333333,2.00444444444444,60.3693503120116,37.0723937409265,74.2056184850988,-8.43912790327909,-48.9721127485514,42.2568598718778,9.765625,-1.77984468590815,-1.51181176415379,-1.66300040033319
323,3,84.0277777777778,0.954816619555155,M,30.5681040383299,L,L,49.9898,0.787957905112488,3.56222222222222,5.46444444444444,2.14666666666667,75.4513614517702,3.9317737427141,122.69339092459,2.68379540997199,-17.7694429255322,74.0053477478495,10.25390625,-1.45326319960175,0.0114131593815948,-0.742755436845854
324,1,100,0.520929070619436,W,22.6995208761123,R,R,7.947716,1.17931173360819,2.01111111111111,3.35111111111111,1.39111111111111,26.9854088806614,17.6413491558783,34.5753094805885,15.2542553279167,19.8407404994098,12.463203149519,10.25390625,0.70368664513281,0.592693851926287,0.626947678814676
324,2,100,0.574923400695507,W,22.6995208761123,R,R,8.577214,1.11845725424482,2.92222222222222,4.36222222222222,1.52,34.7390265555485,20.0070021119293,47.091970016127,-23.6582555685314,-8.36515494394379,-27.1898217909515,NaN,0.0107012099929537,0.51244079306449,0.262497532312577
324,3,100,0.498550037542979,W,22.6995208761123,R,R,7.780528,1.16291259675048,3.45111111111111,5.08222222222222,1.80444444444444,44.2145773108516,27.6294423670185,58.1278589240142,11.6929335411391,19.8010083845285,7.05042502798215,NaN,-0.232100943634607,0.324784077539329,0.0364283063128192
325,1,99.3243243243243,0.594510690221247,W,21.8781656399726,R,R,11.51043,1.40655452986261,1.21777777777778,2.86444444444444,1.65333333333333,32.1741952163478,23.8736839227689,40.1481312215328,4.86412705716,7.94595068070017,4.40252084573544,10.25390625,-0.608465630282629,-0.989079498291203,-0.800651396769873
325,2,97.9452054794521,0.853783083998639,W,21.8781656399726,R,R,11.1222,1.74756189928766,2.48222222222222,4.02,1.61555555555556,59.3807133778487,45.1055697255796,73.6425010640137,0.463542486648168,-6.93939537208709,6.73222268869888,10.25390625,-0.560844047413258,-0.45808628586357,-0.508360599041594
325,3,85.4166666666667,0.940168325106303,W,21.8781656399726,R,R,11.02401,1.61759576152473,2.72222222222222,4.44444444444444,1.82444444444444,42.7267994939052,33.6660867391788,50.8405988645001,10.1449233336619,12.9760230240323,7.21175160062244,10.7421875,-0.959510770035044,-0.395478952277336,-0.670452089851277
326,1,100,0.616720158320207,W,26.7460643394935,L,L,11.2829,0.554540327673661,1.69777777777778,2.83777777777778,1.18444444444444,31.008648098163,26.4731385034064,36.5255889118366,-20.3186110650405,-52.0254168590965,0.0842289002774651,11.23046875,0.275759978406448,0.682585184820455,0.443613501237147
326,2,100,0.567014465526659,W,26.7460643394935,L,L,11.53659,0.266263068593251,3.50666666666667,4.29333333333333,0.975555555555556,51.0191406236719,47.4052197343629,53.1566188964215,-48.0877519180206,-82.3494335122242,-14.6083553937365,12.6953125,-0.0439179634833262,0.57706368970378,0.250876724109341
326,3,96.5277777777778,0.649607232276429,W,26.7460643394935,L,L,20.84828,0.208652107386285,3.32222222222222,4.08444444444444,1.01555555555556,16.8515349534842,22.3164562200889,12.8024369510444,-72.4595895438637,-82.759041257721,104.631321542894,12.6953125,-0.00734664242316713,0.653426813377848,0.264144661606219
327,1,100,0.588479092487922,W,21.5441478439425,R,R,13.51241,2.00624333774281,1.6,2.50666666666667,0.886666666666667,28.0976583338701,27.7055670727085,27.976865872577,31.2357336187561,16.7041748843387,45.0708766669749,9.765625,-2.33711465917368,-1.39367909500184,-1.89406412958864
327,2,94.5205479452055,0.600898531350223,W,21.5441478439425,R,R,18.89869,0.634720685591582,2.25111111111111,3.27333333333333,1.03333333333333,6.04977952479953,-1.54256627835879,15.3664956612558,-41.8908725041016,-65.1944279504975,-15.7052025756073,10.25390625,-1.97770234430691,-2.67662509656119,-2.33020581274152
327,3,77.7777777777778,1.08448989160599,W,21.5441478439425,R,R,15.24659,1.14915104127145,2.62888888888889,3.57333333333333,1.00666666666667,34.0782690867029,20.281014035898,48.3423676605176,-4.79429185754253,-1.76809779330021,-4.87339068377001,9.765625,-2.4244368528292,-0.965404946599683,-1.70665809766792
328,1,100,0.576261826281278,W,21.5030800821355,R,R,13.38774,0.818411219891824,1.82,2.85555555555556,1.09555555555556,31.904984063263,14.6065633000904,46.448383489408,-20.6777949988597,-52.3098010218556,2.17097233284487,8.7890625,-0.032509613248024,0.372849613561928,0.147404752103011
328,2,100,0.824649002037796,W,21.5030800821355,R,R,18.57094,0.894208968509489,2.53777777777778,3.49333333333333,1.10666666666667,36.8375102796902,16.9428298221901,77.8658029932725,-4.52659975966164,-64.6908703227764,219.047908336681,9.27734375,0.154406549928425,1.06333281860541,0.606383665042547
328,3,89.5833333333333,0.855807738833957,W,21.5030800821355,R,R,15.37951,0.747523174152679,3.48444444444444,4.24888888888889,1.04,26.8187802337731,8.48053197748959,50.9535797859232,-27.0615245019276,-63.420140330583,47.9925438914925,8.7890625,-0.481178615640336,0.976968042456664,0.23679920808172
329,1,100,0.656943321228027,W,21.9931553730322,R,L,21.48228,2.07331954977638,2.20888888888889,2.95333333333333,0.802222222222222,29.027246468597,33.2709290979223,27.3539431070288,37.5351831447303,60.1188057154539,14.430916129791,12.20703125,-0.709131541552366,-0.855110485551257,-0.776854600277454
329,2,97.9452054794521,0.59980915455108,W,21.9931553730322,R,L,34.30718,2.56759033959294,3.45555555555556,4.40444444444444,1.09333333333333,49.7465451955795,15.4383183704181,69.371353295312,157.743678185829,170.598484242129,116.815062581497,12.6953125,-0.0593660003942543,-0.281998035302706,-0.163157898498838
329,3,98.6111111111111,0.686536602351976,W,21.9931553730322,R,L,30.61716,1.77427723937398,4.15111111111111,4.5,0.582222222222222,6.20244804643235,5.89547372924594,6.32497547140632,45.9813932229959,47.9831971060169,54.0338038950792,12.6953125,0.480706786321321,0.960094871697819,0.722084581937871
330,1,98.6486486486486,0.594947290420532,M,25.3963039014374,R,R,15.71155,1.09269028990912,2.48,3.67111111111111,1.27777777777778,25.6550405099592,30.3701949804387,22.8482077603645,-9.99530935392492,-54.5110485754388,25.5198083663026,9.765625,-1.57224364034744,-0.640145094655904,-1.11732266106243
330,2,100,0.672680234909058,M,25.3963039014374,R,R,26.47362,0.922185337619836,3.30444444444444,4.46888888888889,1.25333333333333,23.9057110443297,19.0364307648192,27.3368275562922,-36.4478745682872,-73.8024815277333,-8.26902375396847,9.765625,-1.73823196882656,-1.3457554162303,-1.53963794758636
330,3,88.1944444444444,0.885643469320761,M,25.3963039014374,R,R,34.29552,0.926836575126001,3.8,4.65555555555556,1.03777777777778,24.6578263958295,16.3143271091912,31.5289703044626,-30.6904639686894,-59.2566468959922,-11.8300346550321,9.27734375,-1.41097525557135,-0.685914209623073,-1.04416935751415
331,1,100,0.620890061060588,W,20.3066392881588,R,R,11.16168,1.08577981620664,2.84222222222222,3.54444444444444,0.831111111111111,58.9718508142786,60.4725897604043,57.2327358695035,11.6649663279517,-5.14919152656545,8.16206954555653,10.7421875,-0.933194840169004,-0.463937904941659,-0.73480692845541
331,2,99.3150684931507,0.825515912926715,W,20.3066392881588,R,R,20.52212,1.00062267328215,3.52888888888889,4.45333333333333,1.15555555555556,24.0889506787062,25.8990731146187,29.5105743195163,2.52706753533222,-20.8943151494533,16.6043555672537,10.7421875,-1.22731634641499,-0.127153975076439,-0.704253212315201
331,3,95.1388888888889,0.875281130395285,W,20.3066392881588,R,R,19.34746,0.98995748122651,3.59555555555556,4.58888888888889,1.23111111111111,25.7800305465755,18.8748068827944,32.4540759521661,-23.0047609664904,-66.557925016806,21.0409062035201,10.7421875,-1.33563191274174,0.0327791690202766,-0.667538003414099
332,1,100,0.600121388068566,W,20.8459958932238,R,R,9.065886,0.831579211095157,2.11555555555556,2.75777777777778,0.764444444444444,44.1458308487496,36.7328763223709,52.579036709476,-19.3362997664622,-6.02717482076485,-30.4033359636449,11.71875,-1.42387612267957,-1.09669510791233,-1.27065990624994
332,2,100,0.611795811653137,W,20.8459958932238,R,R,17.02811,0.666144967759514,2.89333333333333,3.27333333333333,0.571111111111111,-7.4041695555915,-1.15499208199427,-12.4745431341555,-35.3356773667711,-35.5380667855025,-39.4579701379484,11.71875,-1.73837639790152,-1.45797156404337,-1.57781664731619
332,3,94.4444444444444,0.679584344228109,W,20.8459958932238,R,R,26.37166,0.642362605057289,2.97555555555556,3.89777777777778,1.02888888888889,2.88777398868747,4.21336220140043,2.30828956514597,-44.8457795673262,-48.2300572788113,-43.9241604484844,12.6953125,-1.7335082875721,-1.44407360464198,-1.58230491890922
334,1,100,0.760456705993077,M,20.8268309377139,R,R,18.39056,1.26170332284029,1.67333333333333,2.15555555555556,0.635555555555556,63.7841798365116,12.9896934581714,125.082471992482,18.1036581087385,15.2515989398727,63.5562037167984,9.765625,-0.667469534765419,0.353787592543514,-0.172703897234905
334,2,98.6301369863014,0.665301491816839,M,20.8268309377139,R,R,10.397,0.35967038973051,2.16888888888889,2.58222222222222,0.557777777777778,26.3909376889467,8.67850638031959,49.8415720718248,-56.0980489573146,-71.514508138712,-57.0729000820186,9.765625,-1.95198687014792,-0.810189225054634,-1.37990187706778
334,3,98.6111111111111,0.739096487561862,M,20.8268309377139,R,R,13.83933,0.520642233520346,2.32444444444444,2.87333333333333,0.668888888888889,32.8301004023896,11.0866322571402,56.4872218849733,-51.1157725493781,-63.3859762050916,-41.1523367809989,9.765625,-1.28778611611351,-0.739932019594123,-1.01075913436654
335,1,98.6486486486486,0.542914989043255,W,22.2559890485969,R,R,13.40934,0.841130987942206,1.99777777777778,2.75777777777778,0.946666666666667,54.6279565249936,8.30417332220613,86.9024429562386,-28.1578304293823,-60.8605279423817,0.250010983620616,NaN,-0.607208648172571,-0.406242713403201,-0.516778025216988
335,2,98.6301369863014,0.750297686632942,W,22.2559890485969,R,R,10.051,0.492997688890073,2.49333333333333,2.99111111111111,0.628888888888889,46.8003639860468,19.8030005243126,69.7974688959318,-55.9507198421246,-74.2988298262659,-42.3710005645312,9.765625,0.10462193561062,0.240657803530288,0.180774407961034
335,3,86.8055555555556,0.938183575868607,W,22.2559890485969,R,R,11.90133,0.281130950884438,2.66666666666667,3.3,0.782222222222222,54.5177903195222,16.6360122599536,87.7498694009251,-78.9601754893086,-86.2256969558492,-70.6692047093136,9.765625,-0.234607182796395,-0.119463051610887,-0.17614773479785
336,1,100,0.407703417652058,W,21.5304585900068,L,L,12.48109,1.9186540837609,1.57555555555556,2.43777777777778,0.986666666666667,27.7827466377553,38.4632511519371,19.8656070333846,50.1288213742809,74.2648650443383,35.3314270899731,NaN,-0.277596686572374,-0.2035083653892,-0.253219703688447
336,2,100,0.569765820503235,W,21.5304585900068,L,L,12.01587,1.16684518332012,2.88444444444444,3.6,0.902222222222222,39.3516406730438,26.1019599034141,55.6474169368545,1.42765708706832,-14.4584186918555,25.5730450797568,13.18359375,-2.66297189500364,-2.06543718193698,-2.35163242907624
336,3,88.1944444444444,0.834755537121795,W,21.5304585900068,L,L,17.88072,1.39206257559346,2.38222222222222,3.33111111111111,1.06222222222222,29.7134527035595,23.2931261268473,36.2710149632287,-8.63836075211923,-11.2291374204704,-12.2400805160591,NaN,-3.24446203078207,-1.28342044800235,-2.24494069600645
337,1,98.6486486486486,0.633055057525635,M,24.186173853525,L,L,21.65425,1.89635779515061,1.42444444444444,2.44,1.14888888888889,19.5819407928114,14.7071993947999,24.4600597778141,19.9686091021202,-5.10186243122445,48.1398069479381,10.25390625,-1.75124344670626,-1.23216302314587,-1.4897546389714
337,2,97.9452054794521,0.790283355307072,M,24.186173853525,L,L,21.23319,2.5906209772247,2.14444444444444,3.12444444444444,1.16888888888889,29.9727368213163,23.6745295197067,36.3590771807819,57.1899398473024,26.7392231458855,87.2047904901268,9.765625,-1.44519127801986,-1.18287855415712,-1.32123527156259
337,3,97.9166666666667,0.745137348175049,M,24.186173853525,L,L,29.11947,2.03795183617362,1.90444444444444,2.74888888888889,0.933333333333333,21.0918308359881,12.1383972795059,28.8543075807393,14.0325002467577,3.40808295326266,13.441842381362,NaN,-0.812376989551141,-0.947032266370943,-0.874641706995209
338,1,99.3243243243243,0.336256762345632,W,24.1095140314853,R,R,15.46078,2.11169572854437,1.60666666666667,3.33555555555556,1.85333333333333,25.9902593568351,21.8805184855904,28.9902145149782,-5.17857401989746,-44.2511358315947,12.9618241511638,NaN,0.340584331860329,-0.2940611095955,0.0169250038141037
338,2,97.9452054794521,0.584357759226923,W,24.1095140314853,R,R,22.88115,1.81369484906062,1.55333333333333,3.63777777777778,2.27555555555556,43.5624479795656,16.6184672886325,65.4668785756634,-21.4263170174393,-33.7845683797224,-11.5277974174654,NaN,0.470678085224929,0.236496433824726,0.349172542378881
338,3,86.1111111111111,1.02339194417,W,24.1095140314853,R,R,30.27742,1.60720570254356,2.15555555555556,4.02,2.00444444444444,57.2956632435992,21.1340908535411,87.3538938213265,-17.0708246113384,-23.1245639846946,-20.0508067601054,11.23046875,-0.103336125441021,0.180157650189894,0.0422514555357025
339,1,99.3243243243243,0.850221446219911,M,26.8774811772758,L,L,13.76888,1.91942406338296,1.46444444444444,3.76666666666667,2.42444444444444,52.41601562934,31.7888800843805,71.1738513551577,6.59987541515877,-19.5926794730944,14.4426516831495,NaN,-2.68061283556759,-1.51528334983846,-2.10784102325607
339,2,100,0.861707196785854,M,26.8774811772758,L,L,14.25305,1.07109247732188,1.90444444444444,3.63777777777778,1.85333333333333,43.4365656184761,25.214718139042,63.9295178691993,-14.9496792671367,-18.488082644708,-2.41096725113558,9.27734375,-2.57468799453483,-0.858548710301615,-1.73127402330062
339,3,96.5277777777778,0.87674010682989,M,26.8774811772758,L,L,15.94149,1.03527588142328,1.71777777777778,4.04,2.46666666666667,73.9157620275704,28.3255010191351,125.164887829493,-29.7842898259334,-42.5464917071498,76.471000933357,9.27734375,-3.33265471613139,-1.39892718600475,-2.38749128211735
340,1,87.1621621621622,0.726585865020752,W,21.3415468856947,R,R,16.70473,0.623813645652751,1.58666666666667,3.49555555555556,2.02888888888889,31.7000225323596,0.609483651111,58.0608396542833,-49.2852842039403,-51.5194518245689,-46.8561954323953,NaN,-1.19117935018484,-0.710206505140429,-0.941043098437253
340,2,86.3013698630137,0.679921397141048,W,21.3415468856947,R,R,20.40091,0.872735035837351,2.29777777777778,3.85111111111111,1.80888888888889,35.1057124523201,9.42906128938752,67.5958064266087,-25.2234276977622,-50.7353549417288,32.464243331837,NaN,-1.65275190612682,-0.370574946797489,-1.01322541995056
340,3,82.6388888888889,0.805468120574951,W,21.3415468856947,R,R,29.07665,0.889244758181389,1.91111111111111,4.45555555555556,2.74222222222222,28.2858605537432,-9.29742342606187,63.2712227630874,-36.1358922618057,-60.9537490687365,-21.0877064985993,NaN,-1.21504634272059,-0.579627237890403,-0.900029871820682
341,1,85.8108108108108,0.85490042368571,W,22.9733059548255,R,R,19.86471,1.56207149925315,2.23555555555556,3.70888888888889,1.63111111111111,12.4478234373113,25.1520830988884,2.75627932211627,52.2148616790143,62.822549694324,57.3152983148888,9.765625,-1.39576613816398,-0.653451066363557,-1.03698220829989
341,2,97.2602739726027,0.876554074494735,W,22.9733059548255,R,R,14.12729,1.65393892040117,2.80888888888889,3.45555555555556,0.824444444444444,21.0225719880032,21.8963545594485,19.4972733707838,60.5303847105666,21.6628028026547,86.2950176897575,10.25390625,-1.34288624056869,-0.270200000070148,-0.80884934699553
341,3,86.1111111111111,1.25668888707315,W,22.9733059548255,R,R,22.70254,1.45974501036403,2.46,4.12222222222222,1.87111111111111,38.4051850998464,12.0032804677515,55.3900174557542,31.0703538223931,8.71612759790858,53.3047871706723,NaN,-1.04289046930621,0.167014971224381,-0.43902427478035
342,1,99.3243243243243,0.590228234728177,W,23.3456536618754,R,L,28.44874,2.18758528792166,2.26444444444444,3.54,1.38666666666667,68.4453309607506,51.0255782882373,93.3817825036744,83.6274317048146,84.7799193339531,45.4142266018046,NaN,-0.341636313879651,0.205655386447302,-0.0670043153554193
342,2,99.3150684931507,0.672148302489636,W,23.3456536618754,R,L,37.97666,2.74309613244775,2.63777777777778,3.7,1.24,108.446336429227,84.5377074207433,139.615147080532,134.35339188449,148.985557139811,81.6804317785369,NaN,-0.874397844857502,-0.168589442408842,-0.514386884847729
342,3,84.0277777777778,1.01579911478104,W,23.3456536618754,R,L,25.30449,1.79716964430297,2.05777777777778,3.76888888888889,1.89555555555556,32.1370941987261,18.9238304675867,54.8585068522315,42.3680764956509,47.0924371536209,79.6516390737671,8.7890625,-0.496902816071501,0.0164023082954896,-0.236028793842455
343,1,100,0.541094830402961,W,22.4832306639288,R,R,13.07541,0.796726040792317,1.59111111111111,2.51777777777778,1.00444444444444,27.9333437972624,25.2784785052451,31.1894050488869,-21.7799586510991,-39.4707930700666,-6.64878599661208,9.765625,-1.58534800481513,-1.05421519928662,-1.34526318114914
343,2,98.6301369863014,0.605849713695293,W,22.4832306639288,R,R,15.72302,0.459363322899982,1.94444444444444,2.72,0.953333333333333,20.456646573605,18.9760079187216,22.6235000789934,-64.9478720759616,-71.3141549525989,-62.8943486939142,9.27734375,-1.61789263611234,-0.0306620024076402,-0.833196310487251
343,3,92.3611111111111,0.619664960437351,W,22.4832306639288,R,R,13.5364,0.466003035412042,1.41333333333333,2.62444444444444,1.36666666666667,31.0903831491567,26.5826992798935,39.7228804787602,-47.0609908396912,-58.2530618176986,-39.9691793191953,9.27734375,-1.3545425835857,0.417186602686255,-0.472017780479962
344,1,100,0.58789797705047,W,21.4401095140315,R,R,7.398015,0.906881957111141,1.94,2.60888888888889,0.764444444444444,51.365850432923,36.2338770626407,67.3764647968272,-25.6544997872263,4.00896750119597,-37.481204941582,10.7421875,-2.47052143524126,-1.48397110119832,-1.97348839716918
344,2,98.6301369863014,0.78103949509415,W,21.4401095140315,R,R,9.711976,0.934239716098944,2.12,2.58222222222222,0.633333333333333,39.4173087127831,23.9084026161581,57.9723628558542,-21.0014845080419,-17.4905780779997,-29.6186074191725,11.23046875,-2.51208096815111,-1.54856120846253,-2.00609985232535
344,3,89.5833333333333,1.05317948414729,W,21.4401095140315,R,R,12.10685,0.942261507704819,1.93111111111111,2.93777777777778,1.19777777777778,11.2838323417674,-0.383499446879612,22.4179525094086,-24.6978591564694,-1.80274743915243,-38.6133255914247,10.7421875,-1.87153877840433,-1.3614211726703,-1.60225277815834
345,1,100,0.800225487122169,M,22.4558521560575,R,R,20.54423,1.85787372696981,2.36888888888889,2.93777777777778,0.691111111111111,80.2510368704148,36.1673946924832,171.909476668967,34.3762653096024,-8.55015427759758,88.2183867128591,11.23046875,-0.201125005788635,-0.360527255439251,-0.278600090341682
345,2,100,0.97857967077517,M,22.4558521560575,R,R,19.36476,1.3486296867793,2.88444444444444,3.55777777777778,0.911111111111111,99.4582324078742,51.12027764039,166.294494504399,36.6612919850967,-21.7767576076418,146.860429396448,11.23046875,-0.981323331282303,-0.65367491680071,-0.808819467230478
345,3,93.0555555555556,1.0902004048631,M,22.4558521560575,R,R,24.62836,0.449638766515942,3.57777777777778,4.18888888888889,0.837777777777778,102.164991454751,32.3874363455118,164.178389128517,-47.1359455447488,-71.7610131684245,-17.7558665643979,11.71875,0.0163008272563243,0.613554676761988,0.293744232530206
346,1,97.972972972973,0.433617277145386,W,22.072553045859,L,L,14.66751,0.478898964179108,2.09333333333333,2.78,0.777777777777778,33.6763459591521,37.8752276418135,29.9964907955878,-45.1638591526555,-59.6713084324065,-40.9695512820513,9.765625,-2.01658985307744,-1.47800307151105,-1.75546619494918
346,2,99.3150684931507,0.673984477917353,W,22.072553045859,L,L,17.64069,1.00599616475747,1.59555555555556,2.49777777777778,0.986666666666667,24.4116275109743,19.3812434365875,28.4455809806523,-0.701922487861853,-10.3723005098036,5.57615285688401,9.765625,-1.22634387688681,-1.00739700313132,-1.10949519714188
346,3,97.2222222222222,0.619480177413586,W,22.072553045859,L,L,23.80667,0.974031663140005,3.08666666666667,4.08666666666667,1.14666666666667,5.82303991549545,5.4429942458868,6.00867548651165,-18.7684616332847,-24.746365161085,-20.8449917726157,9.765625,-1.4887585951497,-0.349939374899617,-0.932536256720614
348,1,100,0.47959171808683,W,22.0068446269678,R,R,12.52251,1.37640124041756,1.73555555555556,2.38666666666667,0.715555555555556,54.3733736556023,51.4984961984058,58.1072183994887,-7.00240855448887,6.30505437230371,-22.0237347474942,NaN,0.569706668164152,0.0286912612775598,0.308197651459381
348,2,96.5753424657534,0.560500025749207,W,22.0068446269678,R,R,17.96337,1.63348050237005,1.13111111111111,1.83555555555556,0.713333333333333,14.1869185240939,10.7055494918798,17.2479018867016,-7.76935944206113,-12.3270240613173,-1.28398891143889,NaN,0.878852209107131,0.259808779419862,0.568653043923889
348,3,95.8333333333333,0.693657821538497,W,22.0068446269678,R,R,10.2193,1.77276875168227,2.75777777777778,3.63555555555556,1.00666666666667,42.6876411109241,33.0810679098994,52.7443748079624,-11.6231600248878,-19.8282022173759,-6.1900101022344,NaN,1.02075400660376,0.386778833771446,0.704627459600841
349,1,100,0.713671340392186,W,19.9452429842574,R,L,10.10862,1.41164037752813,2.19111111111111,2.93777777777778,0.871111111111111,55.6729204926517,24.0426446880613,73.0202658183119,27.6484346779929,22.1005980393497,28.3183120203636,8.7890625,-0.897989500372392,-0.867576288577896,-0.874865651964775
349,2,98.6301369863014,0.683667380854769,W,19.9452429842574,R,L,12.70738,1.35789104624215,1.90222222222222,2.96444444444444,1.11111111111111,33.5071194684634,15.0320494559503,48.2394362040745,-5.26000864437584,-13.13351765293,4.71666101807768,8.7890625,-1.44625109965347,-1.31026951917443,-1.37360153287939
349,3,87.5,1.06884340047836,W,19.9452429842574,R,L,14.0391,1.41045387339738,2.02,3.10888888888889,1.21111111111111,82.4083486922671,43.5434707925561,104.300089483181,45.1327728525925,44.0382073981963,58.9709298555175,NaN,-1.67494120021078,-1.24810107066745,-1.47321572958571
350,1,98.6486486486486,0.691147246360779,M,31.6303901437372,R,R,15.76738,1.96074519723597,2.14666666666667,3.30888888888889,1.27777777777778,17.9805621562096,-0.0292136684442178,52.4541902416631,20.7047745400148,-2.00792391041175,49.265554307832,8.7890625,-1.79543963949144,-0.410955624244944,-1.13169580725192
350,2,96.5753424657534,1.06957564028827,M,31.6303901437372,R,R,20.99748,0.816058837690779,2.22666666666667,3.75333333333333,1.63111111111111,17.9712906879715,-20.4915822246407,79.7101568893382,-26.1014644445155,-0.825656413191827,91.1496407941318,9.27734375,-1.98330168936526,0.58090991779918,-0.761730193588533
350,3,86.1111111111111,1.12419759921539,M,31.6303901437372,R,R,21.52363,0.794601275157321,2.46222222222222,3.92,1.64444444444444,42.9789653586436,4.27413288098347,95.5025001795261,-46.4456899883391,-59.5315026286137,-16.1806562049172,9.27734375,-2.06751379816129,0.920909933594918,-0.599160083466051
352,1,100,0.468442691697015,W,21.1718001368925,R,R,17.06494,1.84723215320534,1.22888888888889,2.75111111111111,1.59777777777778,28.2705840170383,22.2051157336486,35.6899421911491,18.5304470786172,-20.2305141464686,42.9344168393401,NaN,-0.644314873106055,0.200639357015486,-0.244469970621913
352,2,100,0.490768607781858,W,21.1718001368925,R,R,21.38062,1.26845673016583,2.11333333333333,4.03555555555556,2.04666666666667,37.5373478712458,23.5325043755348,50.7958833210998,-18.9981042180326,-49.8350410879808,12.1428362729775,NaN,-0.167471634017599,0.720926346787142,0.284877816529833
352,3,99.3055555555556,0.602296279401195,W,21.1718001368925,R,R,26.89677,1.13044527890686,1.92,3.91111111111111,2.14666666666667,23.3425641285746,16.5897006091319,26.0820039272308,-18.6266740794598,-24.2694173663866,-19.9274317907589,NaN,-0.0268155696987792,0.49678599986605,0.246316162545277
353,1,100,0.62898293366799,W,35.7453798767967,R,R,11.27559,2.35573466666897,1.15555555555556,2.98888888888889,1.86444444444444,30.2532929230709,32.4068922254504,29.0618707355188,45.2956327926775,4.25318974034108,69.8042500541696,10.25390625,-1.46231565319421,-1.02107715683771,-1.23264350386823
353,2,101.408450704225,0.933293600877126,W,35.7453798767967,R,R,19.15897,1.67299128678734,2.15111111111111,4.11777777777778,2.08222222222222,31.8063300385767,25.6363963630735,35.8961582986676,-23.5338409741302,-50.0408384331277,-4.84602743218606,10.7421875,-2.0752126977693,-1.47216595173204,-1.76694588667343
353,3,92.7536231884058,1.10235155953301,W,35.7453798767967,R,R,16.42819,1.12786545811119,2.24222222222222,4.33333333333333,2.15777777777778,24.6033523293102,16.3069538053344,32.4078303400208,-20.6869558114286,-35.7613614539167,0.232269054154509,10.7421875,-1.61147455502242,-1.11508713865245,-1.36157401307748
354,1,99.3243243243243,0.80638650972016,M,28.7529089664613,R,R,19.18272,2.03453896907184,1.57555555555556,4.47555555555556,2.96222222222222,26.3093284035242,13.9042580813891,38.0297414958477,21.0575038179129,-19.2580602307128,43.8485139494546,11.23046875,-1.73840585775023,-0.201777130371247,-0.975057310968768
354,2,99.3150684931507,0.870494445164998,M,28.7529089664613,R,R,16.32272,1.71869520633367,2.00444444444444,4.28666666666667,2.41333333333333,23.4648135150171,9.62732295157632,38.6810322283494,-8.64867199545298,-58.3537011498526,23.4044081767767,11.23046875,-1.79957297905189,-0.930131244838413,-1.3737389878569
354,3,97.2222222222222,0.796441306459143,M,28.7529089664613,R,R,14.3004,0.842001440017705,2.26222222222222,4.08888888888889,2.01777777777778,8.13866389842378,-2.71754641408466,19.7741506247176,-48.3646696567121,-66.9155829394973,-32.0187575331125,11.23046875,-1.6173829125084,-0.950231717244092,-1.29007478180488
355,1,99.3243243243243,0.715158565371644,W,20.8213552361396,R,R,18.75914,1.00365860738791,2.02888888888889,4.76666666666667,2.84666666666667,62.9288332326399,15.8074526577205,109.998862771855,-39.9198530029456,-46.8467722433503,29.2530467215523,12.20703125,0.246508730961373,0.491825339866841,0.343154765271119
355,2,98.6301369863014,0.765210062265396,W,20.8213552361396,R,R,20.79883,1.00851393848272,2.53555555555556,4.78666666666667,2.51777777777778,13.6578795643563,-1.63447124796345,27.115728716901,-25.2132011555078,-47.7500963478743,27.5230071249575,12.20703125,0.542620902510654,0.726535499636463,0.591810606095518
355,3,92.3611111111111,0.928543466329575,W,20.8213552361396,R,R,35.94243,1.04582206309194,2.55777777777778,4.81111111111111,2.47777777777778,173.869117965301,42.3830792884032,255.789025411847,-34.6700521617818,-54.7667808798149,-12.9249869691411,11.71875,0.571895759801937,0.378376612992324,0.470998696587207
356,1,100,0.67062518119812,W,27.1731690622861,R,R,9.623053,1.01723840137904,2.43555555555556,4.18888888888889,1.87111111111111,47.9311671397265,35.1090006761107,58.5296678090212,-37.8498908745832,-27.6713543348001,-44.3004840532526,NaN,0.427689183202626,-0.277193010696933,0.0830679727118588
356,2,96.5753424657534,0.806426808238029,W,27.1731690622861,R,R,15.54407,1.19002787362693,2.84222222222222,4.47777777777778,1.85333333333333,19.8354478469262,16.3425248389061,23.1455267312435,-23.5622344242717,-16.0915207066771,-31.9694757802798,NaN,0.17612504622868,-0.337739274086229,-0.0587670001144802
356,3,81.25,1.11585076898336,W,27.1731690622861,R,R,15.23433,1.3902562383219,2.81111111111111,4.51111111111111,1.78888888888889,23.3165123015642,21.7700475858791,23.6256821464215,-3.40564685526936,0.00535097913342671,0.00942805528817138,13.18359375,0.16473114200476,-0.23946969546453,-0.012189959004056
357,1,100,0.658488232355851,W,26.0451745379877,R,R,10.89503,2.32880269707607,1.78666666666667,3.08666666666667,1.44444444444444,53.2946233016749,38.6901484836514,65.6118534679214,42.8730151862393,40.5598554359482,38.4941116208808,11.23046875,-2.18804301446699,-1.71340245202607,-1.92926934086936
357,2,97.2602739726027,0.772776431225716,W,26.0451745379877,R,R,12.54433,3.33492375459191,1.84222222222222,3.95777777777778,2.24444444444444,61.8181103039153,42.3185689047891,81.3646163572462,80.0318589948649,96.6092793277115,62.2284380203959,11.71875,-1.66053712276922,-0.647216231763869,-1.14988487582782
357,3,86.1111111111111,0.863492934327377,W,26.0451745379877,R,R,27.79718,3.42428533647533,1.69333333333333,5.01777777777778,3.47333333333333,216.264668952902,229.112188130009,202.343870498696,75.1352822164073,78.5424084209084,71.4834003821637,11.23046875,-1.51848355638472,0.499348813710355,-0.523922639148924
359,1,100,0.676770448684692,W,24.0958247775496,R,R,15.67092,2.34969112520133,1.01333333333333,1.50444444444444,0.551111111111111,15.4166132829399,15.2708525998252,15.6303144024343,60.9624557728953,60.4279971792325,62.4565643262813,11.23046875,-3.23724216940305,-2.10939275656206,-2.69823260677671
359,2,100,0.822659425735474,W,24.0958247775496,R,R,16.11796,2.29667239976518,1.32444444444444,3.24222222222222,2.02,40.8655495225769,36.3813760723035,45.1568953510873,5.2391674949834,-4.52238576831027,13.1090981582176,11.71875,-2.91137994237244,-2.28266555757741,-2.61142000050079
359,3,97.2222222222222,0.937674278908588,W,24.0958247775496,R,R,17.99932,2.06034635782878,1.20444444444444,4.14444444444444,3.06,6.12550083263633,-1.32974771801958,13.7930438162125,42.2040978523795,40.1218584310355,49.5463892285003,12.20703125,-2.59937144756638,-1.14546758004371,-1.89442759170414
362,1,100,0.662644099216072,M,22.2888432580424,L,R,11.05707,0.729405125769773,0.94,1.23777777777778,0.346666666666667,16.7504882318805,12.2368702455,20.9169136442319,-22.1055300382157,-54.5893784491993,-1.7963291979158,9.765625,-2.23170029075176,-0.905201130781199,-1.56258254780346
362,2,98.6301369863014,0.835267782211304,M,22.2888432580424,L,R,16.68234,0.420916440911967,2.25333333333333,3.43333333333333,1.35777777777778,39.3173965227325,33.8177397722999,43.1022712973257,-51.5245719277599,-66.7288601263588,-34.3169273044487,10.25390625,-3.20231566727903,-1.58688357341913,-2.39462918796543
362,3,91.6666666666667,0.987610794777094,M,22.2888432580424,L,R,21.61325,0.204977168374208,2.45555555555556,3.73777777777778,1.42444444444444,15.2340966314077,16.3951563969964,14.0212739993419,-70.2103786661112,-69.9222986698532,-43.5730414897191,10.25390625,-2.66820634011185,-1.02892441802638,-1.87674175852672
363,1,100,0.567360148429871,W,27.0800821355236,R,L,16.09744,1.5817708622607,1.12222222222222,1.38,0.308888888888889,19.5293112356412,23.6610227200546,16.4371629841234,-8.17526295035728,-5.91230814680975,-3.3572230066584,NaN,-0.155829602980505,0.168063991223509,0.0136120985370726
363,2,99.3150684931507,0.710123320843311,W,27.0800821355236,R,L,12.01404,1.7700778025816,1.76222222222222,3.10222222222222,1.45555555555556,43.241828169335,38.3509406637062,49.7401067542307,-18.0653269474417,-39.8348688352091,0.0356405726093788,NaN,-0.439657723545728,-0.60971161526154,-0.52342216998949
363,3,99.3055555555556,0.708945788589178,W,27.0800821355236,R,L,21.68557,1.59907964487381,1.59333333333333,2.96888888888889,1.5,24.5302556075548,13.8529374473973,34.0571938263743,-22.845103451989,-28.4240504105392,-21.8039915760782,NaN,-0.336782813308479,-0.91030337521137,-0.618747865693135
364,1,100,0.544985298927014,W,30.0369609856263,R,R,10.43885,1.38112440080655,1.82,2.07333333333333,0.337777777777778,48.7393347802915,30.0522472681184,61.931884894873,10.6194168735494,-15.0240302702464,30.8543319041191,9.27734375,-3.7140505256073,-0.687480372729016,-2.22743190390674
364,2,100,0.529362729255189,W,30.0369609856263,R,R,8.462788,1.14557547885551,2.49333333333333,3.41111111111111,1.02444444444444,44.7853965434958,36.1446460315994,50.16061027611,-14.4785418176709,-43.0705963019436,4.22242511670761,9.27734375,-3.3619437295837,-0.613900240355369,-2.01208982458769
364,3,97.9166666666667,0.621585688692458,W,30.0369609856263,R,R,11.42575,1.14096814276686,1.30888888888889,2.8,1.55111111111111,37.9828426256403,27.5752601388097,47.3966205269098,-16.0871689970693,-41.8920402533672,-2.90483033461185,9.27734375,-4.22094552728077,-0.675008256962669,-2.48171186454224
365,1,90.5405405405405,0.874187509218852,W,21.845311430527,R,R,15.00186,0.929460459320034,1.82,2.25555555555556,0.586666666666667,30.8390409877544,29.5677695130949,29.9870263418203,-13.3936416940324,-26.3767631848754,-6.44761172065373,9.27734375,-1.80775244829839,-0.922417564192294,-1.36381851647654
365,2,98.6301369863014,0.7017983701494,W,21.845311430527,R,R,11.04305,0.731262677300934,2.45555555555556,3.52444444444444,1.22888888888889,41.3514013039438,39.06172257254,46.0067422083138,-18.9150874238374,-13.9137116704042,-16.0661406872541,9.765625,-2.0511643590259,-2.02738279258292,-2.02557104483274
365,3,83.3333333333333,0.802205923831824,W,21.845311430527,R,R,14.39561,0.601496486192404,1.97111111111111,3.20666666666667,1.38,34.0473210960627,24.846955878867,41.4612767606146,-36.6186081822393,-50.0920417588531,-23.9503534657725,9.765625,-1.81740210032236,-1.1567999794015,-1.48713268144282
366,1,100,0.532109710905287,W,24.6516084873374,R,R,11.88025,1.55949426253861,2.33111111111111,2.91333333333333,0.717777777777778,24.8420182285102,46.4273647976958,9.91323492805595,60.3083437776503,101.108009780482,43.1419715511924,NaN,1.07413042206132,0.0859180031937415,0.585942979711189
366,2,100,0.582472838607489,W,24.6516084873374,R,R,29.82158,1.53639410225993,2.33333333333333,3.66444444444444,1.45111111111111,47.6163813809052,44.4340274080317,53.026077823436,33.4488700966018,35.3164681595535,58.5756585203036,NaN,1.07867153007406,0.412171270850525,0.725164858508984
366,3,98.6111111111111,0.814685930808385,W,24.6516084873374,R,R,25.631,0.859831340848748,2.24444444444444,3.64666666666667,1.61777777777778,77.3821609223143,33.4299438741613,115.35074534822,-27.7213915991211,-46.4560014165057,3.34859657645447,NaN,0.479626418572066,1.31763344787065,0.889758221586042
367,1,99.3243243243243,0.497263327240944,W,30.5297741273101,R,R,19.07413,1.5087964405277,2.09111111111111,3.44444444444444,1.39333333333333,20.3385002110812,26.6281557784538,17.0233914071713,5.70609484641623,6.67310074230563,5.93741555207689,NaN,0.756134252271494,0.314061502869107,0.544783677212825
367,2,100,0.506733784675598,W,30.5297741273101,R,R,19.70585,1.35826341625754,2.41555555555556,4.67777777777778,2.34222222222222,54.7196004788334,42.2658586593307,62.3121211613928,-9.12046909712645,-23.5543098004949,4.64696428160849,NaN,0.816541749188495,0.324281546438231,0.576154463609305
367,3,88.8888888888889,0.950220672980599,W,30.5297741273101,R,R,20.87304,1.25986798279374,2.49777777777778,4.71777777777778,2.37777777777778,48.4161425220598,33.7189656111997,62.0416699872189,-8.95864360581559,-12.4166323375305,-8.20593133914871,NaN,0.653231022839728,0.0400390628523068,0.348272328725029
368,1,95.067264573991,0.616116585796826,W,22.9103353867214,R,L,30.44054,0.676772722959355,2.55111111111111,3.32888888888889,0.911111111111111,82.829604571208,58.5543870536749,99.0773443738619,-21.0119090687236,-53.4800827995511,-9.90029509450929,11.71875,0.576217572105408,1.27716783560945,0.874461542553528
368,2,91.7808219178082,0.7519761934513,W,22.9103353867214,R,L,22.14068,0.774790650265614,2.97555555555556,4.94444444444444,2.12222222222222,87.0546700961134,38.2787963125143,111.944119649657,-9.04040641478733,-21.1604509833019,-11.9898643552349,11.71875,0.10877967158972,0.402224403855993,0.231814422021742
368,3,85.5072463768116,0.995396241545677,W,22.9103353867214,R,L,26.26757,0.960207470829587,3.06,4.56666666666667,1.65555555555556,123.392203123702,56.2584228780535,168.39068652259,2.798972749238,-6.30157238460148,46.0730034329425,11.71875,-0.19123326079936,1.19468662749263,0.488777828102935
369,1,100,0.658732331528956,W,21.9000684462697,L,L,21.38789,1.46784035500333,2.27555555555556,3.5,1.35555555555556,60.4189678806849,15.3725777671795,97.4648523081322,40.9197745613611,-8.45682246557216,78.7369748529113,11.23046875,-1.78692449022622,-0.845494491532868,-1.32766758593176
369,2,100,0.710137712712191,W,21.9000684462697,L,L,22.33285,1.40487222535868,2.9,4.48444444444444,1.71777777777778,40.1147283480239,42.0088321949119,40.5489095876466,24.1017717662971,4.54770813504144,41.8709595444459,10.7421875,-0.864819135664326,-0.206627755597707,-0.533995164516448
369,3,95.8333333333333,0.731207750060342,W,21.9000684462697,L,L,18.81442,1.57413669789269,2.66444444444444,4.63777777777778,2.04444444444444,93.4769063673767,39.2468424930292,148.675569939263,25.7305109261019,-15.7107945906973,64.3948789047294,10.7421875,-1.50324962872974,-0.717282555508294,-1.11325699404078
370,1,99.3243243243243,0.852182703018188,M,22.6338124572211,R,R,23.75608,2.49456649228458,1.94444444444444,2.88222222222222,1.08666666666667,86.9917065563152,53.8841281687639,146.05101661797,45.903743994232,64.2909014225014,48.1986027217304,NaN,-0.35631048660239,0.285471012106562,-0.0357329996536788
370,2,99.3150684931507,0.751940422058106,M,22.6338124572211,R,R,9.649398,1.3176219088391,2.33111111111111,3.62444444444444,1.44222222222222,34.1985537421947,18.820989107295,51.8349085267709,-26.4132342779189,-34.2681255829443,-18.7818179614411,NaN,-0.413675793095329,-0.271316033690036,-0.342735775646919
370,3,100,0.814199564304758,M,22.6338124572211,R,R,19.24354,1.68960151518942,1.72666666666667,3.16666666666667,1.46444444444444,26.8387771837118,15.9262338879675,37.9094637809414,17.8329441823443,25.5252982367633,15.6519596931093,NaN,-0.428339527323842,-0.389005369623694,-0.395211388308132
371,1,100,0.52870613453435,W,22.2505133470226,L,L,23.59048,1.0639852768439,1.99555555555556,2.46444444444444,0.588888888888889,34.200849558778,18.6674891671508,44.5980418455236,-2.5325399467733,-36.3414467874564,13.4302368851456,10.25390625,-2.53011742386943,-0.436227660145187,-1.50865020711475
371,2,97.2602739726027,0.574250795403305,W,22.2505133470226,L,L,18.75737,1.0078413948503,2.22444444444444,3.81777777777778,1.66666666666667,41.2162163580201,31.2320387529344,48.1451879281973,-6.61763636853973,-31.0308194797445,1.31141158094452,10.25390625,-2.81561712416948,-0.0526053517715148,-1.46109985973074
371,3,97.2222222222222,0.553581779201825,W,22.2505133470226,L,L,18.891,0.925224972690669,2.02222222222222,3.51111111111111,1.52444444444444,49.4979337094371,33.7464291736023,58.7932376880007,-22.787571872057,-41.3530370600188,-16.5484215418949,10.7421875,-2.87543769702782,0.35769450260169,-1.28114295256844
372,1,100,0.607366708608774,W,25.0732375085558,L,R,11.78435,1.60533576339856,1.81777777777778,2.76888888888889,1.02,23.010094431565,12.7412296435268,33.7507574756428,-23.6163013561419,-41.3897119199613,-7.42302014446077,9.765625,-1.26517668823899,-0.1734302386403,-0.733114503526564
372,2,94.5205479452055,0.775856874205849,W,25.0732375085558,L,R,19.54462,1.7067665938028,1.92222222222222,4.48444444444444,2.61555555555556,20.9807392123098,13.302632778883,29.017086647679,-19.6985028911587,-36.0229306293512,-6.09924434431103,10.25390625,-2.2599060388256,-0.718297324870041,-1.49772327359361
372,3,85.4166666666667,0.963670183630551,W,25.0732375085558,L,R,16.08888,1.6123156971199,1.72444444444444,3.91111111111111,2.18444444444444,27.8153700125726,20.2697470315022,34.4802826330951,-18.6642545002643,-39.977250221659,-0.584823878978024,10.25390625,-1.53339002279563,-0.192574422204187,-0.858071342852452
373,1,91.2162162162162,0.802081623592892,M,28.5776865160849,R,L,18.58983,1.75537396644594,1.18222222222222,2.32444444444444,1.19777777777778,26.1423675138503,19.2440126781973,33.2841513821953,4.50410654194115,-4.67977309459653,7.1546953902903,11.23046875,-1.71500411376596,-1.05886647080629,-1.39070069239594
373,2,90.4109589041096,0.930658546653954,M,28.5776865160849,R,L,29.14502,1.38767703398211,1.32444444444444,3.64666666666667,2.35111111111111,-0.255820991887766,-1.52996657683569,0.745593958742478,-17.4165860682118,-28.0498776585733,-6.78787878787879,11.23046875,-2.41032356016395,-2.16747713755187,-2.31217842586765
373,3,88.8888888888889,1.07769418358803,M,28.5776865160849,R,L,20.68395,1.78544626866132,0.904444444444444,3.57333333333333,2.65777777777778,24.5702698365929,14.4139998438432,35.3700764425022,-1.23214716656258,-19.2096233346148,14.2633533899164,11.23046875,-1.99823964872891,-0.30052602718658,-1.15337331506
374,1,97.972972972973,0.827761494196378,W,27.3292265571526,R,L,11.30137,1.56767387460629,0.7,2.05777777777778,1.37333333333333,31.2882960419906,15.5469936443787,47.2442393378208,12.4747520918941,3.01229516595198,18.0207795464519,10.7421875,-0.512838322717548,-0.974108190278679,-0.741370860260013
374,2,97.2602739726027,0.874576752384504,W,27.3292265571526,R,L,13.46158,1.15169189743844,0.855555555555556,3.04444444444444,2.19777777777778,26.7612345989646,12.7653604865074,40.8600040155806,-29.4617063823154,-35.9530938123753,-23.8888391236459,11.23046875,-1.28895776725086,-1.67409023657652,-1.4819385861707
374,3,88.8888888888889,1.07762263615926,W,27.3292265571526,R,L,11.94211,1.08412530498632,0.875555555555556,3.03333333333333,2.16,38.8105363553703,18.9060102984457,58.9890342041998,-31.893748586147,-36.7695141259179,-29.8872470030155,10.7421875,-1.62728096607653,-1.36261305560688,-1.48172574177215
375,1,99.3243243243243,0.904097528457642,M,22.5242984257358,R,R,11.65067,0.829865509745128,0.744444444444444,2.32888888888889,1.61333333333333,55.8516527699927,26.9749299576506,84.7406696217756,-32.4271335194274,-44.4427445554902,-27.5913901354769,10.25390625,-1.45375153235972,-1.62046448903693,-1.52320599726019
375,2,95.2054794520548,1.06681669893719,M,22.5242984257358,R,R,12.33344,0.828205374588077,0.417777777777778,2.16666666666667,1.76444444444444,40.6303998091999,21.1155924724073,60.1276221488203,-49.2897585130683,-51.0506609428809,-51.6713901420336,10.7421875,-1.8401468583962,-0.927822368730246,-1.38074733227499
375,3,86.8055555555556,1.26674254735311,M,22.5242984257358,R,R,15.13923,0.773916694694313,1.08222222222222,2.70444444444444,1.63777777777778,24.6388610508673,17.9226324570422,31.3744573715685,-55.8891062842498,-51.155562464536,-61.7644699910111,10.25390625,-1.36649855399271,-0.920677088776054,-1.12862987371315
376,1,97.2972972972973,0.732750162165216,W,34.4613278576318,R,R,8.810493,1.45988950352984,1.35111111111111,2.45333333333333,1.14,31.473465760117,28.411716616672,35.1205799735111,15.837659265603,17.8092039659619,13.3136719423601,10.7421875,-0.193429669535212,0.108669920864793,-0.0476160435056927
376,2,99.3150684931507,1.02477370476236,W,34.4613278576318,R,R,14.15398,1.07693657920139,1.45111111111111,2.72666666666667,1.40222222222222,15.6859822155355,15.5339111921551,16.5685825207895,-12.0940974897387,-24.2476378544918,-7.77292172973411,11.71875,-1.0419072642429,-0.748368475481083,-0.882249969607797
376,3,90.2777777777778,1.0918265240533,W,34.4613278576318,R,R,14.15637,0.843752218418284,2.14222222222222,3.43111111111111,1.35555555555556,9.59826101168342,6.74904676510588,11.8211073572545,-27.8861528921045,-37.0215133058131,-22.8063344424956,11.23046875,-0.00842105182445648,0.628701997152188,0.300735434473161
377,1,99.3243243243243,0.794478783240685,M,21.242984257358,R,R,27.2523,2.90473311293823,1.91333333333333,4.88444444444444,2.97111111111111,40.139589104624,29.1784742829346,49.3255931653437,81.5379768857641,81.5147083567906,93.1765768508356,8.7890625,-1.73032253632007,-0.735327682388502,-1.25937230829718
377,2,97.9452054794521,1.00440271046697,M,21.242984257358,R,R,22.19445,2.70140455765214,1.92888888888889,4.86,3.10222222222222,52.3907120033451,32.8097022762117,71.1113452261753,48.5352063252025,18.2453964504245,68.5317994843512,8.7890625,-2.21278778791238,-0.697018343315679,-1.48039808389669
377,3,92.3611111111111,1.03386419858688,M,21.242984257358,R,R,33.40771,1.93809671277825,1.95333333333333,4.86,2.98,52.5121885833052,16.2964325872893,79.9045126541066,10.8598706323558,-15.5069138079411,30.9842605112526,9.27734375,-2.23068190888341,-1.51146821543363,-1.87852415518
379,1,97.2972972972973,0.780719995498657,W,22.4969199178645,R,R,19.79767,0.612831649040713,2.08,4.09111111111111,2.04,5.9281959682703,15.8017137918621,4.54668286484614,-29.586733954342,-43.1991826104394,-19.3285541786559,11.23046875,-0.0503647975838786,0.665110083231057,0.249053319412059
379,2,97.2602739726027,0.730671579639117,W,22.4969199178645,R,R,15.77408,0.582150281619366,2.59777777777778,4.30444444444444,1.91555555555556,38.2857095188216,21.7370479307677,53.2657136442841,-16.7588181910472,-47.6758478423571,64.6642093285976,11.23046875,0.00243448182151161,1.9984899681946,0.93621003906667
379,3,91.6666666666667,0.997905947441278,W,22.4969199178645,R,R,24.42822,0.3497908622931,2.70666666666667,3.76,1.22444444444444,16.769834446383,-1.30010061604636,28.5286606677215,-57.3650896164835,-72.1280798170134,-47.5674812503423,11.23046875,0.34038506100941,1.76925093853516,0.981728636003002
382,1,99.3243243243243,0.706247278288299,M,28,R,R,11.47801,0.917563162461122,2.02666666666667,3.76666666666667,1.72888888888889,15.6187141695801,6.62841604741252,24.3225809347873,-14.9185105079057,-9.40763640215738,-39.6591344312524,9.765625,-3.69293537330096,-0.604530587069896,-2.17440174374803
382,2,100,0.81846047420891,M,28,R,R,8.471549,1.23212965478294,2.23111111111111,3.92666666666667,1.82444444444444,33.8367346252004,23.8609020950818,41.5280059672365,11.4280896945806,-36.8988272921461,39.3376738166246,9.27734375,-5.01568391983892,-3.94974933494735,-4.46932938852008
382,3,91.6666666666667,0.935468406212039,M,28,R,R,9.979619,1.17986592507926,3.3,3.87111111111111,0.775555555555556,94.1176559490209,36.9861057826451,167.877236124812,16.3273344085771,-4.52249193068234,50.4977744594977,NaN,-3.09753204710967,-2.09242831444526,-2.57671542547035
383,1,100,0.571171966882852,W,31.7535934291581,R,L,11.51766,1.48427100285462,2.28222222222222,4.68666666666667,2.41555555555556,52.1269080579281,35.3330814951345,62.6680976498512,-11.6120268401124,-0.53839339580977,35.5172471654856,11.71875,-0.900051681419329,0.533739666473311,-0.186241915469698
383,2,98.6301369863014,0.631378077446146,W,31.7535934291581,R,L,15.34825,1.66704704857214,2.17111111111111,4.68666666666667,2.61111111111111,87.6263638874318,69.8784199718465,107.101781353686,-4.01151951186954,-11.5197144679227,10.1602677665444,11.23046875,-0.761182418395452,0.744702763123984,-0.0045771575475646
383,3,97.9166666666667,0.711827386980471,W,31.7535934291581,R,L,14.84131,1.38174326992118,2.96,4.23333333333333,1.44888888888889,123.35784999184,67.9902653875558,163.27043049167,-20.4755921492585,-33.5149381065422,-11.0371283332715,12.6953125,-0.889133275116453,-0.65682397953011,-0.758076789249275
384,1,100,0.683364500999451,W,24.703627652293,R,R,7.268013,1.4009204189575,1.74222222222222,3.65111111111111,1.91555555555556,22.9019686001539,18.3600754013658,27.6982693132758,11.393694732328,11.7999326630122,7.96514716717465,9.765625,-1.91757870427961,-1.95010862842884,-1.94042162431307
384,2,100,0.780073165893555,W,24.703627652293,R,R,12.06712,1.37479869696299,1.53333333333333,2.57111111111111,1.11333333333333,38.9367262500525,28.621477971077,50.2052876836061,-1.18662002688869,-16.8544765219369,22.473742053171,10.7421875,-2.83247584026183,-1.35640110530529,-2.11188491006885
384,3,93.75,0.82943069934845,W,24.703627652293,R,R,13.37558,0.928563107295345,2.14,3.15111111111111,1.11555555555556,32.9468545309969,11.2086815465357,55.1019570360479,-30.1741499852127,-35.6874721211191,-24.3659935968199,10.25390625,-1.23768791359672,-0.0417192155338193,-0.663918940989605
385,1,100,0.801297472972496,W,23.1266255989049,R,R,15.24091,2.31795802539631,1.42222222222222,2.40666666666667,1.00222222222222,13.6442107993284,11.5894983625904,17.8447943327095,30.3894076059603,24.2725127052402,34.8565367559399,9.765625,-1.96624385862217,-2.56504510559585e-06,-1.01547034921939
385,2,100,0.786659541130066,W,23.1266255989049,R,R,13.9614,1.85034847738619,1.10666666666667,2.40444444444444,1.32888888888889,27.8669412245955,23.4602460800999,32.347486528822,-3.4693433026839,-34.8140566205197,30.311748933668,10.25390625,-2.41141221257767,-0.631944713228491,-1.51971723743332
385,3,94.4444444444444,1.03629730909299,W,23.1266255989049,R,R,17.38471,1.1443256889841,1.15111111111111,2.28,1.18,29.0499053729905,22.0375626639084,32.975028819508,-24.8146244930532,-28.7871280024842,-25.0969831604719,10.25390625,-1.82243468217642,-0.0534833790615172,-0.97922546523854
386,1,100,0.554810927838695,W,23.2306639288159,R,R,14.28545,1.55893704528255,1.12,2.84222222222222,1.67333333333333,70.1318694777095,63.8610422497558,75.5506541753553,-22.3244505433383,-32.7019305792854,-16.5282138259487,8.7890625,-1.06186790880261,-0.0132389469694043,-0.540266551934418
386,2,100,0.635432944297791,W,23.2306639288159,R,R,16.98687,0.495516638156334,1.87111111111111,3.41333333333333,1.52666666666667,82.6875781292717,56.1014760967034,102.784272296975,-64.3689214509621,-85.2346217076298,-47.2564142609997,NaN,-1.96100671979761,-0.00290639244076892,-0.991267357705585
386,3,97.2222222222222,0.660345435142517,W,23.2306639288159,R,R,17.62596,0.766364383285136,1.48666666666667,3.04444444444444,1.48888888888889,97.6637365088171,67.8736765944228,126.8956206891,-51.8747862215017,-76.5777893819701,-29.4523474451866,NaN,-1.507952389851,0.41112478315828,-0.555710006072407
388,1,99.3243243243243,0.553318719863892,W,22.7405886379192,R,R,24.69145,1.8010844559607,0.791111111111111,2.97777777777778,2.12666666666667,47.6188328405437,28.7809802086457,66.2187808418404,22.5754288990737,24.2783882129412,13.9615084128432,10.25390625,-1.51578793661261,-2.08038890321818,-1.78874177175085
388,2,97.2602739726027,0.638518994053205,W,22.7405886379192,R,R,32.90373,1.07141774343817,0.935555555555556,2.62,1.70222222222222,17.1776152028757,-3.9379860411672,38.7277822242064,-39.2996696073563,-73.2296160367437,-0.252262979900952,10.7421875,-1.20865553501025,-1.90127930213686,-1.55496424043952
388,3,77.7777777777778,0.956151072795574,W,22.7405886379192,R,R,36.47356,1.18032210996237,1.52666666666667,3.74222222222222,2.12666666666667,44.5290269851685,5.5073598853002,88.7588938815253,-16.1300655559455,-30.2100036836479,4.76536204837059,10.25390625,-2.34468978097932,-2.42720579170311,-2.37326352893588
389,1,99.3243243243243,0.583642097619864,M,21.2046543463381,R,R,27.44426,1.03884872494143,1.04666666666667,2.90222222222222,1.77555555555556,20.566693035294,11.6644118449267,29.2937000417534,-21.8708879708776,-23.544134096689,-16.2456018015306,10.25390625,-0.892247952171691,-0.341593885992648,-0.61331957123077
389,2,97.9452054794521,0.584844491061042,M,21.2046543463381,R,R,13.79453,1.08435336253668,1.48222222222222,2.89333333333333,1.45777777777778,50.3833507529149,51.6514806014796,52.7059414152366,-13.2825390301225,-33.3413818811616,-3.1968434540236,10.7421875,-0.394819171535673,0.111811712418198,-0.182348761570979
389,3,98.6111111111111,0.612907602236821,M,21.2046543463381,R,R,14.80249,0.979902650189549,1.81555555555556,3.60666666666667,1.81777777777778,73.1685099483145,55.3817876573386,91.8060330416027,-14.7958566078685,-26.1479135475145,28.4622030638264,10.25390625,0.168845461388789,1.73966566033825,0.913118885561708
390,1,100,0.622493846075875,W,19.0800821355236,R,L,7.018775,0.368824223732768,1.22888888888889,2.45111111111111,1.17333333333333,35.073772739172,27.1090052859485,43.2428110578656,-74.8913960775491,-78.5224017117453,-74.2475271462655,9.765625,-0.47961633393832,-0.626698261689192,-0.556173932144584
390,2,100,0.70021827677463,W,19.0800821355236,R,L,6.291577,0.348065869095251,0.735555555555556,1.80444444444444,1.11111111111111,7.18364062408818,5.70899216196325,8.58584829536036,-74.8976760200819,-71.5701617110068,-69.6248964619572,NaN,-1.41002340508419,-1.05431323190246,-1.23109090088347
390,3,99.3055555555556,0.685771375894547,W,19.0800821355236,R,L,7.702315,0.0928245888138454,1.70222222222222,3.02444444444444,1.42444444444444,23.369023351645,-1.40901103722198,60.42798481836,-96.7899005274317,-93.0554266144713,-97.7777777777778,9.27734375,-0.908050295990429,-0.327580737062873,-0.627033022659267
391,1,84.4594594594595,0.738857246580578,W,24.8542094455852,R,R,22.03482,1.50206591339856,1.87111111111111,2.98222222222222,1.11333333333333,26.0620752521791,20.9461793897673,31.4695011839271,15.0677386760225,24.0677605877713,0.317120142314434,10.7421875,-1.32219237924671,-0.542350523352365,-0.92603714941874
391,2,97.9452054794521,0.634646317538093,W,24.8542094455852,R,R,27.65035,1.36454075369029,1.58666666666667,2.70222222222222,1.17111111111111,11.8132459893823,8.43270993365182,13.8923418210612,-2.66672577464936,-30.9343027340168,15.77543215585,11.23046875,-1.73488573424403,-1.36930870678846,-1.52210167149787
391,3,99.3055555555556,0.654512337275914,W,24.8542094455852,R,R,16.14216,1.37196702763169,2.32444444444444,3.77555555555556,1.62888888888889,48.964014054257,29.0382679767755,63.9424454767485,20.4927044028413,4.98955354280637,27.0790302892962,11.23046875,-1.63775174086192,-0.108842673661754,-0.844385853601054
392,1,100,0.580353531837463,W,21.6344969199179,R,R,13.92097,1.33475677010556,1.93555555555556,2.93111111111111,1.05555555555556,66.7443609995411,27.9017077836585,85.957396971577,30.3864340446695,-15.8002796741506,71.3118525027142,9.27734375,0.237319576244948,0.0473622132564233,0.110170859622119
392,2,98.6301369863014,0.611227708392673,W,21.6344969199179,R,R,13.22125,1.31476948529964,1.82,3.04222222222222,1.33555555555556,56.1352284487683,21.6724157394822,84.1257218132468,33.3375874420317,-38.3529783431233,69.2614531553719,9.765625,-0.447077594761321,1.08585759499665,0.257463504526101
392,3,96.5277777777778,0.654322096642028,W,21.6344969199179,R,R,15.62386,1.08851105953382,2.15111111111111,3.58222222222222,1.61333333333333,88.5665401124641,52.9680224679018,111.850192438301,17.7649482154338,-19.8598293833783,49.8854788091376,10.25390625,-0.954106108364162,1.53670663376092,0.248932101986958
393,1,100,0.877477045242603,W,24.5639972621492,R,L,16.95831,1.53548045748363,1.77555555555556,3.24222222222222,1.55111111111111,8.91022887580174,4.41976017109358,14.3902688193874,32.9631950960945,58.3380307004842,1.63000164449414,9.765625,-0.760309308670822,-1.01412366616146,-0.885823297387116
393,2,98.6301369863014,0.922459297180176,W,24.5639972621492,R,L,14.69207,1.90369202743067,1.84666666666667,3.87111111111111,2.15333333333333,71.6215526436766,33.3257012094061,118.96286842972,39.9107770175288,60.7929206491287,22.0718876725491,10.25390625,-1.24937535626354,-0.766176148844194,-1.0229093097325
393,3,85.4166666666667,1.00604743342246,W,24.5639972621492,R,L,17.80197,1.53826728573219,1.75333333333333,3.63333333333333,2.04666666666667,26.892865703413,6.94159816566742,48.6343952141928,-0.000349495053465265,2.26921289094018,-11.5894565026093,9.765625,-1.37022350105755,-0.594513793089516,-0.975523592469694
394,1,100,0.754423732757568,M,26.6967830253251,R,R,12.8339,0.98506831579408,1.91555555555556,2.92666666666667,1.08666666666667,42.2602606522427,19.4601500931412,58.7079258088512,-2.98300980813246,-12.3616713481617,4.94163583496526,12.6953125,-0.372866905087288,0.295957427989368,-0.0543810495579857
394,2,100,0.821796670556068,M,26.6967830253251,R,R,10.26872,0.952960166133633,1.80222222222222,3.06666666666667,1.37333333333333,42.6256742549619,14.8599371716534,65.1671992626387,-22.1235810220587,-46.5601750689173,13.4930507124757,12.6953125,-0.784513853010043,-0.818089324509987,-0.809952535880541
394,3,95.8333333333333,0.863512992858887,M,26.6967830253251,R,R,10.7771,0.426656676656677,1.71333333333333,2.94888888888889,1.34666666666667,26.869070452638,10.9457051989933,39.5699644107372,-55.6907736124787,-23.0213370476177,-72.8320606896619,10.25390625,-0.415512985121686,-0.270115327873588,-0.347085237391966
395,1,100,0.615578573483687,W,22.6283367556468,R,L,15.86925,1.23925916556383,2.33777777777778,3.55333333333333,1.30888888888889,33.833833762893,27.9422582961895,37.7128490778031,4.38060987988282,7.86467423136401,9.37791832080655,NaN,0.371378612993445,-0.0555330542891767,0.168445281073676
395,2,98.6301369863014,0.548523540298144,W,22.6283367556468,R,L,14.1132,1.71468678566619,1.90666666666667,3.12888888888889,1.35777777777778,31.1539149588727,35.9780017644801,27.0599942701928,8.88731980644973,-23.1236157790457,28.4372224170352,NaN,1.49911695396281,1.07222525606871,1.26763211077159
395,3,91.6666666666667,0.779408985918218,W,22.6283367556468,R,L,17.86295,1.72356829566586,1.65555555555556,3.04444444444444,1.52,41.0993643058944,47.2027009316173,40.8029881210364,9.64811886044108,-20.7324681547748,26.5717499319976,NaN,1.30052495416775,0.543759012990174,0.912784849141556
396,1,100,0.519872445326585,W,21.6098562628337,L,R,15.56392,0.990834508232944,3.46888888888889,4.35111111111111,1.09333333333333,27.6614153019902,16.7087100293578,33.6209642589092,10.4172258835968,-43.5987605928978,46.4116402948278,11.23046875,-1.24834959842122,0.322395738408097,-0.475358263735029
396,2,98.6301369863014,0.483449931047401,W,21.6098562628337,L,R,13.40554,1.04192858984219,3.28444444444444,3.84666666666667,0.804444444444444,31.6528168500856,26.650648902322,36.0679223981015,24.0466187466409,-29.7647745501869,72.2841698228308,11.23046875,-1.12781191991283,-0.392766073637252,-0.754150284870275
396,3,99.3055555555556,0.524824001351181,W,21.6098562628337,L,R,20.45903,0.949656735072178,3.20444444444444,4.23111111111111,1.30888888888889,19.6769131831415,9.69541644116679,26.6942359674108,35.2001969399878,-33.0025633150367,93.3696186265965,11.71875,-1.25773075128512,0.176929710027336,-0.550417747892644
397,1,99.3243243243243,0.561524980473069,W,29.4565366187543,R,L,15.90431,1.47198637632522,3.09333333333333,3.86888888888889,0.931111111111111,66.0462849803661,41.6275392663322,101.639655507238,25.6798857359132,31.1865671903381,13.0021216819814,NaN,0.020093003127942,-0.222362850564269,-0.0965272894971245
397,2,95.0226244343891,0.784052785620632,W,29.4565366187543,R,L,21.26102,2.05633672165539,2.61111111111111,3.43777777777778,1.00666666666667,79.8814072611958,30.4150821927822,162.355501504709,66.6618372210482,-29.9734478639009,133.646208270428,NaN,-0.302558623434101,0.0858479457163638,-0.106464041399696
397,3,100,0.776448147637503,W,29.4565366187543,R,L,36.42378,0.68305976823456,3.52444444444444,4.17333333333333,0.933333333333333,-0.676962634791499,-3.04958624554717,7.28841070296324,-39.1910353145508,-56.6712880867791,-33.4870233898888,9.765625,-0.00849755870147863,0.0208421892780897,-7.81536424233432e-05
398,1,100,0.870054946495937,M,20.5311430527036,R,R,16.48918,0.93974296276277,2.18888888888889,3.05333333333333,0.98,28.9345608699897,19.3904467519711,38.3215183937414,-18.8274894374212,-11.7331144263122,44.0370012430641,10.7421875,-0.0676354230437171,0.540947111172821,0.241414745751949
398,2,98.6301369863014,0.993812561035156,M,20.5311430527036,R,R,17.04645,0.774615336076948,2.12222222222222,3.19555555555556,1.23777777777778,67.0783503143411,23.9502951766315,109.212285053103,-33.0211070978774,-33.321898036738,-35.6100814162701,10.7421875,-0.0276108846216351,0.0834266204982428,0.0315835932790671
398,3,95.1388888888889,0.963749349117279,M,20.5311430527036,R,R,15.29311,0.721439393799616,2.89777777777778,3.65555555555556,1.01111111111111,68.9894003843524,30.5688556873758,109.101559014664,-37.2512251261645,-26.7668082537932,-54.1112133678967,10.7421875,0.060982761263407,0.163662796688635,0.109328747606867
399,1,99.3243243243243,0.837763627370199,W,27.1129363449692,R,R,17.87545,1.32912039310807,2.71777777777778,3.47777777777778,0.888888888888889,1.53400321257742,8.5894462648191,-1.33696254632975,-9.90681429716352,-7.07444903912672,-3.83251257582543,10.7421875,0.145610368517983,-0.343109193063825,-0.0907291404857617
399,2,93.8356164383562,0.987024545669556,W,27.1129363449692,R,R,17.17523,1.22901539834948,2.46,3.20666666666667,0.94,2.29495804893727,8.97953479083217,-2.49466983897954,-15.9515812999605,-27.0136292535411,-18.0555208981257,11.71875,0.103386508828163,-0.299113397913444,-0.0974644450689252
399,3,88.8888888888889,1.06455493600745,W,27.1129363449692,R,R,14.93151,1.18224408187137,2.68444444444444,3.28444444444444,0.833333333333333,-2.86099792012702,5.9381831218691,-8.0172975782467,-32.8542111087004,-42.7312162520895,-26.8614792478448,NaN,0.363117882974683,0.709330466690205,0.527948978429004
400,1,100,0.694136546208308,W,24.2655715263518,R,R,15.29349,1.1503060610651,2.80666666666667,3.83555555555556,1.15111111111111,55.2289920474621,30.5713673696873,77.5779185525833,11.6191067619675,-23.6308854680308,39.2187886650742,9.765625,-1.17707211283251,0.0923418125647273,-0.563394491200379
400,2,95.8904109589041,0.652400811513265,W,24.2655715263518,R,R,12.01994,1.34968689184393,1.93111111111111,3.17333333333333,1.42222222222222,27.5675514589767,12.0701846054622,42.1810009478762,7.51908614083271,-13.2289610255587,26.1576751690862,9.27734375,-1.84147516725718,-0.784613541837603,-1.32307329455976
400,3,90.9722222222222,0.886615375193154,W,24.2655715263518,R,R,15.77466,1.26924345398521,1.79333333333333,3.10888888888889,1.46444444444444,45.5997722778738,16.5114826122203,77.108983776004,-9.47252448958736,-23.9738251205231,-0.467789503764836,9.27734375,-1.44686081579867,-0.012597615360936,-0.723010765383489
401,1,98.6486486486486,0.614979823430379,W,20.9062286105407,R,L,21.36606,1.04593909611515,2.04444444444444,2.86,0.922222222222222,12.2399866830092,11.0444794943711,13.4956457332397,-48.2304866100539,-38.3907172302341,-54.6450141747812,8.7890625,-1.33657528795054,-0.665475106242104,-0.998450283159451
401,2,99.3150684931507,0.655697684288025,W,20.9062286105407,R,L,15.12814,0.679732638495525,1.18,2.23777777777778,1.16,16.5345354879025,6.79260388508285,26.4317372674795,-67.5863327246524,-84.5833333333333,-49.1666666666667,8.7890625,-2.04018882210388,-1.30019489799826,-1.66783627669651
401,3,96.5277777777778,0.854824344317118,W,20.9062286105407,R,L,14.18757,0.842907092907093,1.77111111111111,3.16,1.53777777777778,1.12024655441443,-3.68820204089085,6.05285045256217,-55.3423362351934,-69.6428571428571,-31.0504694835681,8.7890625,-2.30568684365984,-1.29375816339594,-1.7816727373273
402,1,100,0.575081281661987,W,27.2142368240931,R,R,21.56805,0.921448524259309,2.57555555555556,4.17777777777778,1.48444444444444,55.4250440597534,58.2665529663569,50.4234208986931,-35.6257006791169,-38.3113606457239,-35.6899641522026,NaN,0.509896693290108,0.614492607216356,0.567304183777469
402,2,95.2054794520548,0.714381570165808,W,27.2142368240931,R,R,43.83348,1.65060296839001,1.00222222222222,3.5,2.33555555555556,302.285349141806,289.011505027612,314.334883180757,-0.652810169532941,27.2665784977812,-17.9609508703897,NaN,0.144499583339648,0.410701827257778,0.289050990049236
402,3,83.3333333333333,1.20754397710164,W,27.2142368240931,R,R,77.86908,2.09116333924283,0.966666666666667,4.13555555555556,3.17111111111111,277.392081105191,197.900717762501,349.634500895228,53.573915392707,60.9336475739904,125.939370355452,NaN,-0.0244371377924461,0.327356861938006,0.162286863870489
403,1,100,0.676680292401995,W,20.9911019849418,R,R,14.86306,1.57667078491325,2.01777777777778,3.08888888888889,1.06444444444444,44.3118026396542,26.2659649223541,59.0745768805947,16.0667793678486,42.3368769647982,-4.90569738652381,9.765625,-1.27605829107714,-0.940287868726833,-1.10872375265863
403,2,97.2602739726027,0.921914319197337,W,20.9911019849418,R,R,13.1641,1.4583611435703,1.57555555555556,3.71111111111111,2.02444444444444,73.8295381634506,45.8944095172679,93.8115171446014,1.02104751867907,4.05019372261166,5.04028266820746,10.25390625,-1.10699755497752,0.416533697517581,-0.360103992344122
403,3,95.8333333333333,0.784394481447008,W,20.9911019849418,R,R,21.34807,1.28963352742179,1.41555555555556,4.2,2.82,38.4952996286062,20.9188374473498,50.3614996777131,-26.7367437033765,-6.31224889013227,-36.7136012055571,10.7421875,-0.858713655259316,0.108238289375978,-0.367680361095221
404,1,100,0.715354694260491,W,26.8966461327858,R,R,10.90512,0.38395983718801,1.84444444444444,2.60666666666667,0.771111111111111,31.8114407563463,16.5418643748507,48.5474473117514,-66.7107510632904,-75.5050396137519,-54.5233884798319,11.71875,-1.0390441688629,-1.10429852553869,-1.07476491150816
404,2,95.2054794520548,0.929530721240573,W,26.8966461327858,R,R,9.705012,0.162577373546454,1.58888888888889,2.73555555555556,1.18666666666667,39.8719764668494,16.7214766616623,64.5375865474343,-88.2687854629255,-100,-77.9175502317363,12.6953125,-1.14783236123127,-0.914028090719948,-1.0210696615107
404,3,86.1111111111111,0.989250891917461,W,26.8966461327858,R,R,8.362539,0.14156171757188,1.20222222222222,2.88444444444444,1.78888888888889,14.3018109267107,3.25475339817278,26.9116536270488,-90.109576712588,-96.7406096897115,-85.2018367014819,12.20703125,-1.14033873216642,-0.17767641467218,-0.654889685273845
406,1,96.6216216216216,0.665404824649586,M,20.9500342231348,R,R,25.48963,1.21353500856452,1.98222222222222,2.62444444444444,0.766666666666667,168.41984538572,113.392548691967,235.670205499934,13.9472445367832,17.8526877347484,5.3482615668165,10.7421875,-0.997315872026874,-0.925290602794602,-0.950058445163077
406,2,96.5753424657534,0.76895767166501,M,20.9500342231348,R,R,43.74833,1.27419150561029,1.64,3.68222222222222,2.06444444444444,313.980485457124,126.872672462325,456.087834957838,37.0932323675046,47.3991815605455,24.5970603730859,11.23046875,-0.203311736652993,-0.559737232321089,-0.382570742541473
406,3,87.5,0.926459454201363,M,20.9500342231348,R,R,92.41735,1.02125034027064,1.16666666666667,2.9,1.85777777777778,255.70117315799,65.243115337193,460.334931577955,-2.36070367534079,-8.90749982875517,32.916761654423,11.23046875,0.0824544282079874,-0.569717643869196,-0.238816858284389
409,1,99.3243243243243,0.570785606900851,W,26.8281998631075,R,R,9.404784,1.05473927414222,1.47555555555556,2.10444444444444,0.731111111111111,51.6089533114433,38.9142577815056,63.2923767471313,-27.7169516952349,6.1725319856683,-60.7142857142857,11.23046875,-1.95098990768248,0.819466090293588,-0.594777901303966
409,2,99.3150684931507,0.550620422363281,W,26.8281998631075,R,R,10.09654,1.20746960951916,1.35555555555556,3.36,1.98666666666667,34.3708073009949,24.1647211919622,45.4782717636611,-13.6508444627392,34.1003026996055,-64.549497005748,11.71875,-1.96443916978583,0.0253444772493722,-0.989279266909933
409,3,88.1944444444444,1.01107243781394,W,26.8281998631075,R,R,13.2075,1.19381608895771,0.891111111111111,2.6,1.78222222222222,116.571360404491,52.4810605351627,183.63315572381,-2.38651758010632,11.7968840134767,-20.1891329955886,11.71875,-2.40767994999214,0.264530320109374,-1.09546201951694
410,1,97.2972972972973,0.953348541259766,M,24.0191649555099,R,L,22.33358,2.38015030601715,1.64888888888889,2.90888888888889,1.22222222222222,56.6431989829715,26.4692921398616,88.9791541144252,44.5241324961907,26.9515140404054,61.360736677033,9.765625,-1.46643183031284,-0.667105716749117,-1.10318245886239
410,2,95.8904109589041,0.981733997662862,M,24.0191649555099,R,L,20.22821,2.67093684412878,1.18,3.55777777777778,2.27111111111111,117.975629696751,58.3211082028246,157.848319279736,20.1504808588431,5.1734749622801,20.9873785186525,9.765625,-0.851270913384296,-0.520362979655288,-0.714500220347752
410,3,98.6111111111111,1.01030474642049,M,24.0191649555099,R,L,19.66983,2.07430626727962,1.21111111111111,3.45111111111111,2.11555555555556,51.2072027601694,30.5530195204835,78.1087107583096,15.2441610642126,-19.4882612767458,52.0855361729544,9.27734375,-2.40968121413318,-1.3201304633449,-1.87155815115988
411,1,99.3243243243243,0.661437094211578,W,23.0609171800137,R,L,18.7938,1.66713156965924,2.15333333333333,3.95555555555556,1.77777777777778,86.0789502994882,31.1333287689421,123.188944276174,20.5035675230373,12.8602142562856,19.8683107423333,11.71875,-1.16193219735044,-1.3367686542137,-1.26611229668495
411,2,97.9452054794521,0.762404013653191,W,23.0609171800137,R,L,17.84901,1.19455091426371,2.19555555555556,4.14888888888889,1.98666666666667,83.9380554805828,53.3861288598333,109.577486312088,-6.92748091619638,-10.5601609337869,2.24545143708172,11.71875,-1.79133513383799,-0.712101520815064,-1.28106870713868
411,3,97.9166666666667,0.657671895027161,W,23.0609171800137,R,L,17.24228,1.12899983236041,2.10222222222222,4.15333333333333,1.95555555555556,108.054119502146,32.601216915342,165.657479480063,-15.8966167185359,-10.7374576367423,-16.6615416396974,12.20703125,-1.7380579602769,0.0324382655429968,-0.857301141921229
413,1,99.3243243243243,0.774378473942096,M,21.9712525667351,R,R,14.03121,1.26573890652932,2.37333333333333,3.78666666666667,1.46666666666667,81.133950314679,48.0069509777394,108.891337103896,25.5838426424325,20.0888678454247,61.186147894865,9.765625,-2.31187772331808,-1.30069170615469,-1.79259039228421
413,2,100,0.730804334084193,M,21.9712525667351,R,R,11.02518,1.13314956714137,3.06444444444444,4.56888888888889,1.60666666666667,80.9878457207429,55.766104443136,104.647645001035,14.428915408764,28.7097492391597,4.87216507441818,9.765625,-3.19008405100419,-1.74389041925165,-2.45767769087905
413,3,98.6111111111111,0.789255083823691,M,21.9712525667351,R,R,12.34084,1.09611698953768,2.94222222222222,4.50666666666667,1.68,56.1373165195638,37.4523669562557,74.0066018060527,34.3712612392753,49.5306373021901,56.0183638674396,9.27734375,-2.83503013719303,-1.39780398148427,-2.10086529357232
414,1,99.3243243243243,0.545208159360019,W,25.6427104722793,R,R,11.68549,1.31615097672299,1.66,2.97777777777778,1.30444444444444,44.6635636001505,30.8009041581423,54.9073550874187,-10.2275340901597,-4.8854079781446,-14.4759899774954,10.7421875,-2.4021930769208,-1.47907971655046,-1.93876838957365
414,2,99.3150684931507,0.680659312827914,W,25.6427104722793,R,R,11.57003,1.36433145719637,1.94888888888889,3.83111111111111,1.90888888888889,63.9638733791583,50.4851930719433,76.8933176344091,3.4082824672363,4.55520972816974,-1.8348482076556,10.7421875,-2.3791297444564,-1.71203632550222,-2.05176065392422
414,3,82.6388888888889,0.955257682239308,W,25.6427104722793,R,R,20.19518,1.71495802714179,2.59555555555556,4.77333333333333,2.26,136.599209510788,52.9519279887996,203.310076236725,16.5472996878949,-14.4360109511548,39.09189664701,10.7421875,-2.9307435316815,-1.46196637327348,-2.19653664628534
415,1,91.2162162162162,0.725447529554367,M,29.1882272416153,R,R,7.734813,1.23601303742378,1.51777777777778,2.55555555555556,1.04,35.1298512663097,27.0885194131394,42.9163511351673,-9.16728823143971,-19.7721463547725,5.11995240288654,8.7890625,-0.915447565460614,-0.333925108250773,-0.607655420263239
415,2,99.3150684931507,0.884863656300765,M,29.1882272416153,R,R,24.76039,2.07687049792313,1.60888888888889,2.89777777777778,1.31777777777778,25.9997433514971,20.9235765002276,31.1098334820647,30.5540613232921,29.7827422078919,33.842571267721,NaN,-0.553191758867363,-0.249574614212398,-0.406589367808018
415,3,86.1111111111111,1.12536033831145,M,29.1882272416153,R,R,11.79871,2.22743582947665,2.17333333333333,3.35111111111111,1.23111111111111,42.8964456100853,35.5377770759621,50.3011500123812,52.034503146451,92.4309478621234,17.5520489404134,NaN,-0.899008717514895,-0.422843407797729,-0.663154584234714
416,1,87.8378378378378,0.771566016333444,W,24.7967145790554,R,R,10.65706,0.938809122154007,1.60444444444444,2.55555555555556,1.01111111111111,62.4813039249844,31.5275852130519,86.476922353771,11.6628148456831,-18.9983350500627,48.1780565580727,11.23046875,-0.533006405602334,-0.737674749197667,-0.64465963082485
416,2,94.5205479452055,0.681446639502921,W,24.7967145790554,R,R,19.93886,1.32805587915015,2.69111111111111,4.28888888888889,1.75111111111111,155.045443908028,43.9086809339731,222.56003225368,70.135272702857,7.44582626850237,99.9352102297813,11.23046875,-1.21792052206962,-0.84445129181571,-1.03645648720625
416,3,87.5,0.617801085114479,W,24.7967145790554,R,R,22.28022,1.33868112015404,2.43777777777778,3.54222222222222,1.32222222222222,127.723674196005,38.7731165640884,195.255176814397,35.2789375856908,4.57289817813151,58.8257858704387,11.23046875,-1.46135090281317,-0.462846830424631,-0.960546874371148
417,1,99.3243243243243,0.65946449065695,W,22.7652292950034,R,R,25.91496,0.322225417281478,2.57111111111111,3.58666666666667,1.06222222222222,10.5814617901393,8.55646492945759,11.4182807271895,-54.5639452653778,-56.276262709702,-49.8421686838127,9.765625,-2.76221632270137,-1.94592989096615,-2.35193319392638
417,2,100,0.809674580891927,W,22.7652292950034,R,R,24.16342,0.37551002004338,2.48,3.83333333333333,1.39333333333333,10.9044507228902,3.76534287823098,16.8898822677987,-58.892628954799,-60.6282090222552,-60.6558259210679,10.25390625,-2.23729201851042,1.37070796990011,-0.446762549647511
417,3,83.3333333333333,0.939815390494562,W,22.7652292950034,R,R,33.51562,0.50717839033317,3.68444444444444,4.69555555555556,1.23333333333333,-0.0498610243201256,2.73739753440022,-2.07492594867945,-11.3692280702983,3.37105130514014,-59.4286972659974,10.25390625,-2.64206234618412,-0.211441950082812,-1.41081966371069
418,1,99.3243243243243,0.658984451877828,W,21.7768651608487,R,R,14.40946,1.11351748134369,1.68,2.63333333333333,0.942222222222222,24.2646220735053,21.4178095420765,27.1564646338679,-22.1317630726848,-43.4076174395292,-4.68138183655425,11.71875,-0.0739747609978173,0.0102169218366548,-0.0568008930236079
418,2,98.6301369863014,0.683014026054969,W,21.7768651608487,R,R,20.1086,1.153102216932,1.92222222222222,3.07111111111111,1.19555555555556,30.6873112928043,20.1638408924671,41.2106720258066,-25.6462768001229,-57.4435743896822,-0.0743129126362646,12.20703125,-0.0656741500184154,0.532452945245983,0.201271388603703
418,3,92.3611111111111,0.933640828499427,W,21.7768651608487,R,R,29.95565,0.715448580482919,2.54888888888889,3.22,0.833333333333333,10.6277148643618,6.40518870540694,14.8627736426744,-51.7259526188098,-58.6309523809524,-40.1554034787568,12.20703125,-0.614629916080351,0.988413814088583,0.183870441342095
419,1,85.1351351351351,0.706324476184267,M,23.8056125941136,R,L,16.90677,0.972423898788853,1.81777777777778,2.53555555555556,0.826666666666667,12.6583956865888,9.6790316252332,15.4997813159481,-16.0450112716598,-15.4007237710353,-23.8766107575462,10.7421875,-0.622247995187873,0.111575367944467,-0.264975723712463
419,2,84.2465753424658,0.716924098821787,M,23.8056125941136,R,L,18.44086,0.693572317491135,1.84444444444444,2.91111111111111,1.12222222222222,-10.6965472925277,-10.4259943646334,-12.0395978631043,-44.2999225739294,-23.5246856397082,-58.4085195404438,10.7421875,-0.61417091951532,-0.366197434133522,-0.48535958756769
419,3,76.3888888888889,0.573764517903328,M,23.8056125941136,R,L,16.40957,1.05875820613026,1.75111111111111,2.44666666666667,0.733333333333333,17.5585191529624,7.77013967840039,29.2595293704344,-7.82985512772803,-12.6718798844482,-12.6456229907833,10.7421875,-0.776932817048707,0.159376709598627,-0.319764693134794
420,1,100,0.600839926646306,W,26.8172484599589,R,L,19.70457,0.903172068534395,1.58,3.31777777777778,1.76,152.373010425996,116.404808392892,239.292046370714,-24.8142571900079,-25.5842550526262,-5.30262114685191,NaN,-0.967722136328915,-1.35669768025442,-1.15980203295555
420,2,100,0.62369309687147,W,26.8172484599589,R,L,31.63994,0.682482432851622,2.22222222222222,3.51555555555556,1.25777777777778,217.868762764525,161.719504742665,251.908567594879,-51.3150083651994,-41.0480514249406,-59.3724290405413,10.25390625,-1.22527769657918,-1.70421164639997,-1.46720999105315
420,3,97.9166666666667,0.610483581821124,W,26.8172484599589,R,L,25.9503,0.656433953323988,1.46666666666667,2.63777777777778,1.21333333333333,144.97302494531,83.1103674262128,193.709990237622,-52.275537032167,-70.644588248353,-43.7994893154914,10.7421875,-0.788881620912977,-0.239193898820484,-0.525669215299643
